E,tau,Local_Max
1.0141129037212226,0.3982412060301508,1.0000000000000004
1.2041391071314453,0.4728643216080402,1.000000000000001
1.267481174934853,0.4977386934673367,1.075335644224891
1.267481174934853,0.4977386934673367,1.0752849130721507
1.267481174934853,0.4977386934673367,1.0753097691990823
1.267481174934853,0.4977386934673367,1.075196557445706
1.267481174934853,0.4977386934673367,1.0752362650614127
1.267481174934853,0.4977386934673367,1.0752346632802317
1.3308232427382607,0.5226130653266332,1.0753471772101617
1.3308232427382607,0.5226130653266332,1.0752945022657172
1.3308232427382607,0.5226130653266332,1.0751982787118979
1.3308232427382607,0.5226130653266332,1.0750495804073343
1.3308232427382607,0.5226130653266332,1.0753216712764935
1.3308232427382607,0.5226130653266332,1.0752556685820396
1.3308232427382607,0.5226130653266332,1.075339828931431
1.3308232427382607,0.5226130653266332,1.0752571708501275
1.3941653105416685,0.5474874371859297,1.1181905050269632
1.3941653105416685,0.5474874371859297,1.1179722118396531
1.3941653105416685,0.5474874371859297,1.1182039996183004
1.4575073783450758,0.5723618090452262,1.1181905050269632
1.4575073783450758,0.5723618090452262,1.1182034459012287
1.4575073783450758,0.5723618090452262,1.1178425501099294
1.4575073783450758,0.5723618090452262,1.1177793473433006
1.4575073783450758,0.5723618090452262,1.118174777667779
1.5208494461484836,0.5972361809045227,1.1436655811581145
1.5208494461484836,0.5972361809045227,1.1439240043772847
1.5208494461484836,0.5972361809045227,1.1438744519258477
1.5208494461484836,0.5972361809045227,1.1440572355312955
1.5208494461484836,0.5972361809045227,1.1438006424632892
1.5208494461484836,0.5972361809045227,1.144033767241257
1.5208494461484836,0.5972361809045227,1.1438161488696668
1.5841915139518912,0.6221105527638192,1.1440826838904472
1.5841915139518912,0.6221105527638192,1.1436263935104491
1.5841915139518912,0.6221105527638192,1.144033767241257
1.6475335817552987,0.6469849246231156,1.161824192904913
1.6475335817552987,0.6469849246231156,1.1617244952855728
1.6475335817552987,0.6469849246231156,1.1620767725450796
1.6475335817552987,0.6469849246231156,1.1620859324600143
1.6475335817552987,0.6469849246231156,1.1620140669960881
1.6475335817552987,0.6469849246231156,1.1620524944582378
1.7742177173621139,0.6967336683417086,1.1751487672425869
1.7742177173621139,0.6967336683417086,1.1753622359892237
1.7742177173621139,0.6967336683417086,1.1751415644019556
1.8375597851655214,0.7216080402010051,1.1748378314596775
1.8375597851655214,0.7216080402010051,1.1753114392790043
1.8375597851655214,0.7216080402010051,1.175293597574685
1.8375597851655214,0.7216080402010051,1.1751463795562007
1.8375597851655214,0.7216080402010051,1.1751121093489576
1.8375597851655214,0.7216080402010051,1.1751017527918748
1.9009018529689292,0.7464824120603016,1.185218225680915
1.9009018529689292,0.7464824120603016,1.1853210612763434
1.9009018529689292,0.7464824120603016,1.1850878581776416
1.9009018529689292,0.7464824120603016,1.1853673722597953
1.9009018529689292,0.7464824120603016,1.184904247833717
1.9009018529689292,0.7464824120603016,1.184984373927285
1.9642439207723366,0.771356783919598,1.1850352944331324
1.9642439207723366,0.771356783919598,1.1851812668256567
1.9642439207723366,0.771356783919598,1.1849184774097148
2.0275859885757446,0.7962311557788946,1.1930972666598565
2.0275859885757446,0.7962311557788946,1.1928621188162132
2.0275859885757446,0.7962311557788946,1.193177986621017
2.0275859885757446,0.7962311557788946,1.1929418271120014
2.0275859885757446,0.7962311557788946,1.1931453234465876
2.090928056379152,0.821105527638191,1.192842990106059
2.090928056379152,0.821105527638191,1.1927182740621458
2.090928056379152,0.821105527638191,1.1931905989386005
2.090928056379152,0.821105527638191,1.1930024693336279
2.090928056379152,0.821105527638191,1.193169493220725
2.1542701241825597,0.8459798994974875,1.1993091902070854
2.1542701241825597,0.8459798994974875,1.199298786022774
2.1542701241825597,0.8459798994974875,1.1988199960600452
2.1542701241825597,0.8459798994974875,1.1993132003498146
2.1542701241825597,0.8459798994974875,1.199169628015749
2.1542701241825597,0.8459798994974875,1.198938335075947
2.1542701241825597,0.8459798994974875,1.1989102598655577
2.1542701241825597,0.8459798994974875,1.1991333041548722
2.1542701241825597,0.8459798994974875,1.1992018743303738
2.1542701241825597,0.8459798994974875,1.199292980045384
2.1542701241825597,0.8459798994974875,1.199305641050423
2.217612191985967,0.8708542713567841,1.1992689035911184
2.280954259789375,0.8957286432160805,1.204000671347297
2.280954259789375,0.8957286432160805,1.204194836049648
2.280954259789375,0.8957286432160805,1.2041684679558762
2.344296327592782,0.920603015075377,1.2041935909462786
2.344296327592782,0.920603015075377,1.204014404158472
2.40763839539619,0.9454773869346734,1.2081391432179023
2.40763839539619,0.9454773869346734,1.2080429562477442
2.40763839539619,0.9454773869346734,1.2080942336767866
2.40763839539619,0.9454773869346734,1.207899972750857
2.40763839539619,0.9454773869346734,1.2080949400012297
2.4709804631995973,0.97035175879397,1.2078967285697544
2.4709804631995973,0.97035175879397,1.207899972750857
2.4709804631995973,0.97035175879397,1.2078983533714398
2.534322531003005,0.9952261306532665,1.211283331768685
2.534322531003005,0.9952261306532665,1.2111127228614595
2.534322531003005,0.9952261306532665,1.2111862725083187
2.534322531003005,0.9952261306532665,1.211348938134472
2.534322531003005,0.9952261306532665,1.2113704162585364
2.534322531003005,0.9952261306532665,1.2110465945502535
2.534322531003005,0.9952261306532665,1.2113714201650152
2.5976645988064124,1.020100502512563,1.2113548974552413
2.5976645988064124,1.020100502512563,1.211364320680989
2.5976645988064124,1.020100502512563,1.2111331101220846
2.5976645988064124,1.020100502512563,1.2113600249954466
2.5976645988064124,1.020100502512563,1.2112198705958817
2.5976645988064124,1.020100502512563,1.2113622768241585
2.5976645988064124,1.020100502512563,1.2109983738288403
2.5976645988064124,1.020100502512563,1.211277110698818
2.5976645988064124,1.020100502512563,1.211283331768685
2.66100666660982,1.0449748743718594,1.213937796824001
2.66100666660982,1.0449748743718594,1.21381642588461
2.66100666660982,1.0449748743718594,1.2140562443123297
2.66100666660982,1.0449748743718594,1.2140508444675058
2.724348734413228,1.069849246231156,1.2136193743419406
2.724348734413228,1.069849246231156,1.2136391270950007
2.724348734413228,1.069849246231156,1.2139228132162891
2.724348734413228,1.069849246231156,1.213974573409803
2.7876908022166353,1.0947236180904523,1.2159517977917553
2.7876908022166353,1.0947236180904523,1.2163074038912356
2.851032870020043,1.1195979899497488,1.215891342596527
2.851032870020043,1.1195979899497488,1.2159078042280043
2.9143749378234505,1.1444723618090453,1.2182594045448125
2.9143749378234505,1.1444723618090453,1.2182500883476755
2.9143749378234505,1.1444723618090453,1.2182869472124425
2.9143749378234505,1.1444723618090453,1.218192464721859
2.9777170056268583,1.1693467336683419,1.2180639128863762
2.9777170056268583,1.1693467336683419,1.2181586112869391
2.9777170056268583,1.1693467336683419,1.2178491782961276
2.9777170056268583,1.1693467336683419,1.2179133846111778
2.9777170056268583,1.1693467336683419,1.2182337347796655
3.041059073430266,1.1942211055276384,1.2197163557454302
3.041059073430266,1.1942211055276384,1.2199805896561196
3.041059073430266,1.1942211055276384,1.2199996178799044
3.041059073430266,1.1942211055276384,1.2195454127325764
3.1044011412336734,1.2190954773869347,1.2198983691847962
3.1044011412336734,1.2190954773869347,1.220000360274336
3.1044011412336734,1.2190954773869347,1.2199958503652455
3.1044011412336734,1.2190954773869347,1.219831760578656
3.1044011412336734,1.2190954773869347,1.21981546577928
3.1044011412336734,1.2190954773869347,1.219942324987602
3.1044011412336734,1.2190954773869347,1.2199805896561196
3.1677432090370807,1.2439698492462312,1.221113446757293
3.1677432090370807,1.2439698492462312,1.2214872174279434
3.1677432090370807,1.2439698492462312,1.2213940118569735
3.1677432090370807,1.2439698492462312,1.2215310876173144
3.2310852768404885,1.2688442211055277,1.2211636760409723
3.2310852768404885,1.2688442211055277,1.221113446757293
3.2310852768404885,1.2688442211055277,1.2212129453756768
3.2310852768404885,1.2688442211055277,1.2215255706879593
3.2310852768404885,1.2688442211055277,1.2212944294926158
3.2310852768404885,1.2688442211055277,1.221503787467169
3.2310852768404885,1.2688442211055277,1.2214803953555844
3.2310852768404885,1.2688442211055277,1.2214237543120214
3.2310852768404885,1.2688442211055277,1.2213496199787242
3.2944273446438963,1.2937185929648243,1.2228187959748709
3.2944273446438963,1.2937185929648243,1.2224503276113707
3.2944273446438963,1.2937185929648243,1.222831573169201
3.2944273446438963,1.2937185929648243,1.2227559681271825
3.2944273446438963,1.2937185929648243,1.222915978152485
3.357769412447304,1.3185929648241208,1.2228924377510941
3.357769412447304,1.3185929648241208,1.2229221131590022
3.357769412447304,1.3185929648241208,1.2225354222139313
3.357769412447304,1.3185929648241208,1.222915978152485
3.421111480250711,1.3434673366834171,1.2481393094255582
3.421111480250711,1.3434673366834171,1.2480691374346824
3.421111480250711,1.3434673366834171,1.1996770950193194
3.421111480250711,1.3434673366834171,1.2484118757012965
3.421111480250711,1.3434673366834171,1.2482043876679285
3.421111480250711,1.3434673366834171,1.1998418605030332
3.421111480250711,1.3434673366834171,1.1998005684486226
3.421111480250711,1.3434673366834171,1.199852560994497
3.4844535480541188,1.3683417085427136,1.199852560994497
3.4844535480541188,1.3683417085427136,1.1996520867334826
3.4844535480541188,1.3683417085427136,1.2484056741479437
3.4844535480541188,1.3683417085427136,1.248286858170932
3.4844535480541188,1.3683417085427136,1.2479452411516563
3.5477956158575266,1.3932160804020102,1.1843121987766612
3.5477956158575266,1.3932160804020102,1.1840634514785484
3.5477956158575266,1.3932160804020102,1.2653581862767964
3.5477956158575266,1.3932160804020102,1.2653725205576702
3.5477956158575266,1.3932160804020102,1.1840584347883527
3.6111376836609343,1.4180904522613067,1.18420390148591
3.6111376836609343,1.4180904522613067,1.265517904234678
3.674479751464342,1.4429648241206032,1.1747009981257293
3.674479751464342,1.4429648241206032,1.2757605570246275
3.674479751464342,1.4429648241206032,1.1747231811338124
3.674479751464342,1.4429648241206032,1.2758017789657772
3.674479751464342,1.4429648241206032,1.1746066428131066
3.674479751464342,1.4429648241206032,1.2755057610712035
3.674479751464342,1.4429648241206032,1.1745314868722805
3.674479751464342,1.4429648241206032,1.2754259988423229
3.674479751464342,1.4429648241206032,1.1746876888883775
3.737821819267749,1.4678391959798995,1.1747453130668213
3.737821819267749,1.4678391959798995,1.2757561451967954
3.737821819267749,1.4678391959798995,1.275607817059202
3.737821819267749,1.4678391959798995,1.2757926217985893
3.737821819267749,1.4678391959798995,1.275487275366089
3.801163887071157,1.492713567839196,1.2825241442998427
3.8645059548745646,1.5175879396984926,1.0063328223593646
3.8645059548745646,1.5175879396984926,1.2825241442998427
3.8645059548745646,1.5175879396984926,1.006346583736518
3.8645059548745646,1.5175879396984926,1.2825631359026695
3.8645059548745646,1.5175879396984926,1.2827012245409677
3.9278480226779724,1.5424623115577891,1.1614953366737772
3.9278480226779724,1.5424623115577891,1.1617567070170647
3.9278480226779724,1.5424623115577891,1.1615448444455692
3.9278480226779724,1.5424623115577891,1.1617545728067886
3.9278480226779724,1.5424623115577891,1.287419471974892
3.9278480226779724,1.5424623115577891,1.2869824896874138
3.9278480226779724,1.5424623115577891,1.1616912578202008
3.9278480226779724,1.5424623115577891,1.1616026996194
3.9278480226779724,1.5424623115577891,1.1616675820910505
3.9278480226779724,1.5424623115577891,1.2874274292689174
3.99119009048138,1.5673366834170857,1.287419471974892
3.99119009048138,1.5673366834170857,1.1616912578202008
3.99119009048138,1.5673366834170857,1.1615629895527717
3.99119009048138,1.5673366834170857,1.2873192051979852
4.054532158284787,1.592211055276382,1.1194343348429348
4.054532158284787,1.592211055276382,1.276836814895179
4.054532158284787,1.592211055276382,1.1194446609096032
4.054532158284787,1.592211055276382,1.1520782001399512
4.054532158284787,1.592211055276382,0.9873475265517229
4.054532158284787,1.592211055276382,1.2770456688167642
4.054532158284787,1.592211055276382,1.1523153255294392
4.117874226088195,1.6170854271356785,1.1523127928701193
4.117874226088195,1.6170854271356785,1.3007405231658165
4.117874226088195,1.6170854271356785,0.9874275358253501
4.117874226088195,1.6170854271356785,1.165172476620151
4.117874226088195,1.6170854271356785,0.9873186584659829
4.117874226088195,1.6170854271356785,1.2769399859897759
4.181216293891603,1.641959798994975,1.1466640824205467
4.181216293891603,1.641959798994975,1.1713325779562043
4.24455836169501,1.6668341708542715,1.1782129031226405
4.24455836169501,1.6668341708542715,1.3100138500097462
4.24455836169501,1.6668341708542715,1.3078839920037428
4.307900429498418,1.691708542713568,0.9696254819929973
4.307900429498418,1.691708542713568,1.0757886028434467
4.307900429498418,1.691708542713568,1.2694172188095618
4.307900429498418,1.691708542713568,1.1261213824228542
4.371242497301825,1.7165829145728644,1.1406971501386296
4.371242497301825,1.7165829145728644,1.1436919082465207
4.371242497301825,1.7165829145728644,1.173638089820761
4.371242497301825,1.7165829145728644,1.115872989275543
4.371242497301825,1.7165829145728644,0.9716706278054383
4.371242497301825,1.7165829145728644,0.9903482103406539
4.434584565105233,1.741457286432161,1.2547637015386282
4.434584565105233,1.741457286432161,1.2854377805329933
4.434584565105233,1.741457286432161,1.1377594819029162
4.497926632908641,1.7663316582914574,1.1797626925137044
4.497926632908641,1.7663316582914574,1.0063710471169993
4.497926632908641,1.7663316582914574,0.9747602406991501
4.497926632908641,1.7663316582914574,0.9599313627107968
4.497926632908641,1.7663316582914574,1.203499453963346
4.5612687007120485,1.791206030150754,1.1942953822802191
4.5612687007120485,1.791206030150754,1.2309805477009481
4.5612687007120485,1.791206030150754,0.7494649172240074
4.5612687007120485,1.791206030150754,1.2941189631255723
4.5612687007120485,1.791206030150754,1.2572553871318743
4.624610768515456,1.8160804020100505,1.0818921609854517
4.624610768515456,1.8160804020100505,1.064951204444003
4.624610768515456,1.8160804020100505,1.2362474609874416
4.624610768515456,1.8160804020100505,1.0145502133254451
4.624610768515456,1.8160804020100505,0.9752330781539679
4.624610768515456,1.8160804020100505,1.1380786962292022
4.624610768515456,1.8160804020100505,0.9526975219471137
4.687952836318863,1.8409547738693468,1.1301608163140902
4.687952836318863,1.8409547738693468,0.9562881940186456
4.687952836318863,1.8409547738693468,1.1917033027611594
4.687952836318863,1.8409547738693468,1.1795088341302087
4.687952836318863,1.8409547738693468,1.0683833416248194
4.687952836318863,1.8409547738693468,1.3099294619422701
4.751294904122271,1.8658291457286433,1.1411134683901707
4.751294904122271,1.8658291457286433,1.1379444393040234
4.751294904122271,1.8658291457286433,1.011803010347179
4.814636971925679,1.8907035175879399,1.0595084793856064
4.814636971925679,1.8907035175879399,1.1433492882068639
4.814636971925679,1.8907035175879399,1.3512391191948874
4.814636971925679,1.8907035175879399,1.2818140412864667
4.814636971925679,1.8907035175879399,1.0596968296953764
4.814636971925679,1.8907035175879399,1.1507034169801205
4.814636971925679,1.8907035175879399,1.281896079740348
4.814636971925679,1.8907035175879399,1.2919733499571326
4.8779790397290865,1.9155778894472364,1.0595084793856064
4.8779790397290865,1.9155778894472364,1.340871262690916
4.8779790397290865,1.9155778894472364,1.2919733499571326
4.8779790397290865,1.9155778894472364,1.2932242530928892
4.8779790397290865,1.9155778894472364,1.2818608800718416
4.941321107532494,1.940452261306533,0.9427064242405263
4.941321107532494,1.940452261306533,1.1851882627309844
5.004663175335901,1.9653266331658292,1.300290937156332
5.004663175335901,1.9653266331658292,1.0454765489503979
5.004663175335901,1.9653266331658292,0.9428867278791137
5.004663175335901,1.9653266331658292,1.0723990306332585
5.068005243139309,1.9902010050251258,1.039065564408885
5.068005243139309,1.9902010050251258,1.0562598776635372
5.068005243139309,1.9902010050251258,0.9527222914608418
5.068005243139309,1.9902010050251258,0.973383646506494
5.068005243139309,1.9902010050251258,0.9572753479516924
5.068005243139309,1.9902010050251258,1.029314030710636
5.068005243139309,1.9902010050251258,1.1228278756763987
5.068005243139309,1.9902010050251258,1.0851911003077601
5.131347310942717,2.0150753768844223,1.1638513907546337
5.131347310942717,2.0150753768844223,1.2589803147512397
5.131347310942717,2.0150753768844223,1.353809596859538
5.131347310942717,2.0150753768844223,1.0601741852570088
5.131347310942717,2.0150753768844223,1.3104918106198513
5.131347310942717,2.0150753768844223,1.1677476528294624
5.131347310942717,2.0150753768844223,1.3203068823300974
5.131347310942717,2.0150753768844223,1.029314030710636
5.194689378746124,2.0399497487437186,1.2132748905811708
5.194689378746124,2.0399497487437186,1.1607489023982431
5.194689378746124,2.0399497487437186,1.2209533470152372
5.194689378746124,2.0399497487437186,1.2695850000971027
5.194689378746124,2.0399497487437186,1.271709422420634
5.194689378746124,2.0399497487437186,1.2754528113737242
5.194689378746124,2.0399497487437186,1.226266706009832
5.194689378746124,2.0399497487437186,1.3183040785616065
5.194689378746124,2.0399497487437186,1.320243031501189
5.258031446549531,2.064824120603015,1.226266706009832
5.258031446549531,2.064824120603015,1.3183040785616065
5.321373514352939,2.0896984924623117,1.3240502537923415
5.321373514352939,2.0896984924623117,1.164566026868601
5.321373514352939,2.0896984924623117,1.1624713557052968
5.321373514352939,2.0896984924623117,1.1555407599977445
5.384715582156346,2.114572864321608,1.0768219413867477
5.384715582156346,2.114572864321608,0.967013627555569
5.384715582156346,2.114572864321608,0.9671267078534049
5.384715582156346,2.114572864321608,1.28037611106055
5.384715582156346,2.114572864321608,1.1555407599977445
5.384715582156346,2.114572864321608,0.9912174455780239
5.384715582156346,2.114572864321608,1.2713085306135659
5.384715582156346,2.114572864321608,1.2751295984034738
5.384715582156346,2.114572864321608,0.9407485736897903
5.448057649959753,2.1394472361809043,1.1054500232738542
5.448057649959753,2.1394472361809043,1.0286181125200866
5.448057649959753,2.1394472361809043,1.2736312628316113
5.511399717763162,2.164321608040201,0.9606964173623967
5.511399717763162,2.164321608040201,1.1016098231599991
5.511399717763162,2.164321608040201,0.943627731507614
5.574741785566569,2.1891959798994973,1.2184539688944098
5.574741785566569,2.1891959798994973,1.2443588547531796
5.574741785566569,2.1891959798994973,1.210122871069401
5.638083853369977,2.214070351758794,1.206436456138203
5.638083853369977,2.214070351758794,1.2443588547531796
5.701425921173384,2.2389447236180904,1.1060744253279993
5.701425921173384,2.2389447236180904,1.2829632627145815
5.701425921173384,2.2389447236180904,1.337557026269581
5.701425921173384,2.2389447236180904,1.1115121925848184
5.701425921173384,2.2389447236180904,0.8635760627022836
5.701425921173384,2.2389447236180904,0.9512933959534895
5.764767988976791,2.2638190954773867,0.9902450233983773
5.764767988976791,2.2638190954773867,1.2655406515788081
5.764767988976791,2.2638190954773867,1.1100154398457998
5.764767988976791,2.2638190954773867,1.2208898936395343
5.8281100567802,2.2886934673366834,1.262546928277798
5.8281100567802,2.2886934673366834,0.8198324375828845
5.8281100567802,2.2886934673366834,1.2875888057262068
5.891452124583607,2.3135678391959797,1.2934520903137092
5.891452124583607,2.3135678391959797,1.2488725097595301
5.891452124583607,2.3135678391959797,1.3154727005240752
5.891452124583607,2.3135678391959797,1.1502165611492448
5.954794192387015,2.3384422110552765,1.333725163419238
6.018136260190422,2.363316582914573,0.945407542356
6.018136260190422,2.363316582914573,1.298236573536508
6.018136260190422,2.363316582914573,1.2943958190475762
6.018136260190422,2.363316582914573,1.1110290598500898
6.018136260190422,2.363316582914573,0.8046385441338025
6.081478327993829,2.388190954773869,1.0729677836848392
6.081478327993829,2.388190954773869,1.123062716548427
6.081478327993829,2.388190954773869,1.0149057935794616
6.081478327993829,2.388190954773869,1.0841704807448138
6.081478327993829,2.388190954773869,1.3437423070414083
6.081478327993829,2.388190954773869,1.3558339359507396
6.144820395797238,2.413065326633166,1.2153571684178293
6.144820395797238,2.413065326633166,1.1983557415273436
6.144820395797238,2.413065326633166,1.210210867704113
6.144820395797238,2.413065326633166,0.7913972499962513
6.208162463600645,2.437939698492462,1.0863271079219665
6.208162463600645,2.437939698492462,0.9696029510404699
6.271504531404053,2.462814070351759,1.0647877577065576
6.271504531404053,2.462814070351759,1.1576030310624497
6.271504531404053,2.462814070351759,1.1363697211150499
6.271504531404053,2.462814070351759,1.2855811434875284
6.271504531404053,2.462814070351759,0.8176967052435732
6.271504531404053,2.462814070351759,1.3483150262597607
6.271504531404053,2.462814070351759,1.1172970725597287
6.271504531404053,2.462814070351759,1.1823899798656599
6.271504531404053,2.462814070351759,1.333918709457947
6.271504531404053,2.462814070351759,1.2947046177278057
6.33484659920746,2.4876884422110552,0.9846612614681916
6.33484659920746,2.4876884422110552,1.3335459776779899
6.33484659920746,2.4876884422110552,1.1392298813039259
6.33484659920746,2.4876884422110552,1.080644305853481
6.33484659920746,2.4876884422110552,1.1625216885493987
6.33484659920746,2.4876884422110552,1.1560939702425794
6.33484659920746,2.4876884422110552,0.9460653132618775
6.33484659920746,2.4876884422110552,1.2722047513742456
6.33484659920746,2.4876884422110552,1.0080216515499072
6.398188667010867,2.5125628140703515,0.8357525710917398
6.398188667010867,2.5125628140703515,1.103335307788353
6.398188667010867,2.5125628140703515,1.3123823784964703
6.398188667010867,2.5125628140703515,1.103056810965104
6.398188667010867,2.5125628140703515,1.1200485227790198
6.398188667010867,2.5125628140703515,1.2657983783376352
6.461530734814276,2.5374371859296483,1.2062953523930353
6.461530734814276,2.5374371859296483,1.1571801029404551
6.524872802617683,2.5623115577889446,0.9634432123720181
6.524872802617683,2.5623115577889446,0.9541330862753904
6.524872802617683,2.5623115577889446,0.8217155624267521
6.524872802617683,2.5623115577889446,1.079312153390803
6.588214870421091,2.5871859296482413,1.1687777577052454
6.588214870421091,2.5871859296482413,1.1766752164287815
6.588214870421091,2.5871859296482413,1.3170130912145137
6.588214870421091,2.5871859296482413,1.0818058695518955
6.588214870421091,2.5871859296482413,1.0830278874003678
6.588214870421091,2.5871859296482413,1.1107178384248806
6.588214870421091,2.5871859296482413,1.3185242802887434
6.588214870421091,2.5871859296482413,1.20766996056423
6.651556938224498,2.6120603015075377,1.1831382860542718
6.651556938224498,2.6120603015075377,1.1494958954268155
6.651556938224498,2.6120603015075377,1.2608684714283842
6.651556938224498,2.6120603015075377,1.0049507707887924
6.651556938224498,2.6120603015075377,1.1505029738361252
6.651556938224498,2.6120603015075377,1.3170130912145137
6.651556938224498,2.6120603015075377,1.2807319436238382
6.651556938224498,2.6120603015075377,1.0405095128367208
6.651556938224498,2.6120603015075377,1.1348066386614342
6.651556938224498,2.6120603015075377,1.237464622305382
6.714899006027905,2.636934673366834,1.2205149305271972
6.714899006027905,2.636934673366834,1.279855825077622
6.778241073831314,2.6618090452261307,1.3407931319402475
6.778241073831314,2.6618090452261307,1.3544324712511717
6.778241073831314,2.6618090452261307,1.2888617857688842
6.778241073831314,2.6618090452261307,1.3103351950958673
6.778241073831314,2.6618090452261307,1.0800746200055007
6.778241073831314,2.6618090452261307,1.0006572929331286
6.778241073831314,2.6618090452261307,0.9771928277831067
6.778241073831314,2.6618090452261307,1.279855825077622
6.778241073831314,2.6618090452261307,1.1105161749375312
6.778241073831314,2.6618090452261307,1.0636709081415985
6.778241073831314,2.6618090452261307,1.1646647830530732
6.841583141634721,2.686683417085427,0.9117436139644255
6.841583141634721,2.686683417085427,1.2870150107604377
6.841583141634721,2.686683417085427,1.3385662121987825
6.841583141634721,2.686683417085427,1.0760646820232416
6.9049252094381295,2.7115577889447238,0.9771207812182391
6.9049252094381295,2.7115577889447238,1.243136589533469
6.968267277241536,2.73643216080402,1.1118573618458452
6.968267277241536,2.73643216080402,1.1350641085023412
7.031609345044943,2.7613065326633164,1.2759367593034163
7.031609345044943,2.7613065326633164,1.3398038583128478
7.031609345044943,2.7613065326633164,1.3370342336709633
7.031609345044943,2.7613065326633164,1.1118573618458452
7.094951412848352,2.786180904522613,1.3392443244903625
7.094951412848352,2.786180904522613,0.9245737225151934
7.094951412848352,2.786180904522613,1.3345388207636735
7.094951412848352,2.786180904522613,1.3498648440894827
7.094951412848352,2.786180904522613,0.9491512134823888
7.158293480651759,2.8110552763819094,0.9759333500193595
7.158293480651759,2.8110552763819094,1.1649248588702499
7.158293480651759,2.8110552763819094,1.0502612572096615
7.158293480651759,2.8110552763819094,1.0132752040246182
7.158293480651759,2.8110552763819094,1.1542316808455724
7.158293480651759,2.8110552763819094,1.3147677660374295
7.2216355484551675,2.835929648241206,1.345774241162456
7.2216355484551675,2.835929648241206,1.263690503263686
7.2216355484551675,2.835929648241206,0.9805213832232721
7.2216355484551675,2.835929648241206,1.2278733900121424
7.284977616258574,2.8608040201005025,1.0882786662341823
7.284977616258574,2.8608040201005025,1.0928685279109633
7.284977616258574,2.8608040201005025,1.107614761508557
7.348319684061981,2.885678391959799,0.9137842814645598
7.348319684061981,2.885678391959799,1.080094097884638
7.348319684061981,2.885678391959799,1.2499095237849365
7.348319684061981,2.885678391959799,1.0649924619924884
7.348319684061981,2.885678391959799,1.0907336331957485
7.348319684061981,2.885678391959799,1.0878365917896677
7.348319684061981,2.885678391959799,1.0504543804925324
7.348319684061981,2.885678391959799,0.9460406225320777
7.348319684061981,2.885678391959799,1.3528603199726736
7.41166175186539,2.9105527638190956,1.2903371113636797
7.41166175186539,2.9105527638190956,1.333137014109698
7.41166175186539,2.9105527638190956,0.9460406225320777
7.41166175186539,2.9105527638190956,0.9591591027387317
7.41166175186539,2.9105527638190956,1.2499095237849365
7.41166175186539,2.9105527638190956,1.3452056512866364
7.41166175186539,2.9105527638190956,0.9137842814645598
7.41166175186539,2.9105527638190956,1.0907336331957485
7.41166175186539,2.9105527638190956,1.2845956061897836
7.41166175186539,2.9105527638190956,1.080094097884638
7.475003819668797,2.935427135678392,1.337257069110951
7.475003819668797,2.935427135678392,1.157852172536113
7.475003819668797,2.935427135678392,1.1860532529650798
7.475003819668797,2.935427135678392,0.9506968914551734
7.538345887472206,2.9603015075376886,1.1408474450000554
7.538345887472206,2.9603015075376886,1.1596439248936106
7.538345887472206,2.9603015075376886,0.6471094929061364
7.6016879552756125,2.985175879396985,1.2269107615428079
7.6016879552756125,2.985175879396985,1.1590468376307037
7.6016879552756125,2.985175879396985,1.008040920182001
7.6016879552756125,2.985175879396985,1.1561101790840576
7.6016879552756125,2.985175879396985,0.9349074776457953
7.6016879552756125,2.985175879396985,1.2895871995459758
7.665030023079019,3.0100502512562812,1.15499318501325
7.665030023079019,3.0100502512562812,0.9907681053904435
7.665030023079019,3.0100502512562812,1.1371522365801119
7.665030023079019,3.0100502512562812,1.2895871995459758
7.665030023079019,3.0100502512562812,1.1868611772750113
7.665030023079019,3.0100502512562812,1.3160180486979127
7.728372090882428,3.034924623115578,1.136885310024148
7.728372090882428,3.034924623115578,1.3086683531389358
7.728372090882428,3.034924623115578,1.2380448653679215
7.728372090882428,3.034924623115578,1.0062483105125273
7.728372090882428,3.034924623115578,1.0379266445566397
7.728372090882428,3.034924623115578,1.089291978486494
7.791714158685835,3.0597989949748743,1.2527387903329763
7.791714158685835,3.0597989949748743,1.0168261870742625
7.791714158685835,3.0597989949748743,1.1302230951830188
7.791714158685835,3.0597989949748743,1.0379266445566397
7.791714158685835,3.0597989949748743,1.0234716620131796
7.855056226489243,3.084673366834171,1.3430642793728238
7.855056226489243,3.084673366834171,0.9952682064340567
7.855056226489243,3.084673366834171,0.9725372129205666
7.9183982942926505,3.1095477386934673,0.9725372129205666
7.9183982942926505,3.1095477386934673,1.0272896059481733
7.9183982942926505,3.1095477386934673,1.2817208964340303
7.9183982942926505,3.1095477386934673,1.3440706772327609
7.981740362096057,3.1344221105527637,1.1438307515656057
7.981740362096057,3.1344221105527637,1.358349977724208
7.981740362096057,3.1344221105527637,1.207198881445373
7.981740362096057,3.1344221105527637,0.9826722298378748
7.981740362096057,3.1344221105527637,0.8888217221812243
8.045082429899466,3.1592964824120604,1.1848643795766074
8.045082429899466,3.1592964824120604,1.2939994098536973
8.045082429899466,3.1592964824120604,1.2915183373038257
8.045082429899466,3.1592964824120604,1.018905017652238
8.108424497702872,3.1841708542713567,1.3327149291424945
8.108424497702872,3.1841708542713567,1.0129346148949405
8.108424497702872,3.1841708542713567,1.2552872621716702
8.108424497702872,3.1841708542713567,1.1569470926757959
8.171766565506282,3.2090452261306535,1.0129346148949405
8.235108633309688,3.2339195979899498,0.931792418177371
8.235108633309688,3.2339195979899498,1.123100363412702
8.235108633309688,3.2339195979899498,1.0190951861411865
8.235108633309688,3.2339195979899498,1.1686709423005655
8.298450701113095,3.258793969849246,1.240314371060712
8.298450701113095,3.258793969849246,1.249753438208175
8.298450701113095,3.258793969849246,1.0572575820919272
8.298450701113095,3.258793969849246,1.3363379905743955
8.298450701113095,3.258793969849246,1.2065041281380198
8.298450701113095,3.258793969849246,1.091690782899718
8.298450701113095,3.258793969849246,1.0186052649097517
8.361792768916503,3.283668341708543,1.3695683715149887
8.361792768916503,3.283668341708543,0.8590888766938554
8.361792768916503,3.283668341708543,1.3517219752316028
8.361792768916503,3.283668341708543,1.308726967532434
8.361792768916503,3.283668341708543,1.0670629609616324
8.361792768916503,3.283668341708543,1.3192090663873637
8.361792768916503,3.283668341708543,1.1451685476319298
8.361792768916503,3.283668341708543,1.0472126334220455
8.361792768916503,3.283668341708543,1.0051133410515205
8.425134836719911,3.308542713567839,0.9905866119268573
8.425134836719911,3.308542713567839,1.0670629609616324
8.425134836719911,3.308542713567839,1.3517219752316028
8.425134836719911,3.308542713567839,0.8590888766938554
8.425134836719911,3.308542713567839,1.217345859511404
8.488476904523319,3.333417085427136,1.3521937105855426
8.488476904523319,3.333417085427136,0.6138079743785649
8.488476904523319,3.333417085427136,1.0661527829618906
8.488476904523319,3.333417085427136,0.41784220139661477
8.488476904523319,3.333417085427136,1.2639916226018852
8.488476904523319,3.333417085427136,0.5104576509530953
8.551818972326727,3.358291457286432,1.061610604402639
8.551818972326727,3.358291457286432,0.5104576509530953
8.551818972326727,3.358291457286432,1.1165620900446496
8.551818972326727,3.358291457286432,1.1279194737794032
8.615161040130133,3.3831658291457285,0.9771733511579788
8.615161040130133,3.3831658291457285,0.9833840661345954
8.615161040130133,3.3831658291457285,0.38189956727644736
8.615161040130133,3.3831658291457285,0.3961048941789644
8.615161040130133,3.3831658291457285,1.313074054329013
8.615161040130133,3.3831658291457285,1.0113204101410391
8.615161040130133,3.3831658291457285,1.0348693590946803
8.678503107933542,3.4080402010050252,0.9743901143689991
8.678503107933542,3.4080402010050252,1.035595327344105
8.678503107933542,3.4080402010050252,1.3663068426950906
8.678503107933542,3.4080402010050252,1.1653085296003503
8.678503107933542,3.4080402010050252,1.308307023274844
8.741845175736948,3.4329145728643216,0.4191527820685765
8.741845175736948,3.4329145728643216,1.0791648255709152
8.741845175736948,3.4329145728643216,1.0419457373640466
8.741845175736948,3.4329145728643216,1.2289304263475835
8.741845175736948,3.4329145728643216,1.313403234896821
8.741845175736948,3.4329145728643216,1.3126632982356103
8.741845175736948,3.4329145728643216,1.094527447678007
8.741845175736948,3.4329145728643216,1.2454806410172745
8.741845175736948,3.4329145728643216,1.3130458764878932
8.805187243540358,3.4577889447236183,0.43252795749666517
8.805187243540358,3.4577889447236183,0.43394570239236496
8.805187243540358,3.4577889447236183,1.0086427967771103
8.868529311343764,3.4826633165829146,1.3125265100784347
8.868529311343764,3.4826633165829146,0.8917785851459188
8.868529311343764,3.4826633165829146,0.6256044489766455
8.931871379147172,3.507537688442211,0.9842312884509066
8.931871379147172,3.507537688442211,1.2956853484431035
8.931871379147172,3.507537688442211,1.0659209157126415
8.931871379147172,3.507537688442211,1.0849026296021507
8.931871379147172,3.507537688442211,1.119839254253382
8.99521344695058,3.5324120603015077,1.3098730506318994
8.99521344695058,3.5324120603015077,1.3108220346357484
8.99521344695058,3.5324120603015077,1.175133541619876
8.99521344695058,3.5324120603015077,1.04104125796948
8.99521344695058,3.5324120603015077,1.0678065183999759
9.058555514753987,3.557286432160804,1.2508703983191065
9.058555514753987,3.557286432160804,1.29627720406552
9.058555514753987,3.557286432160804,1.1230504538793444
9.058555514753987,3.557286432160804,1.3262879386545348
9.058555514753987,3.557286432160804,1.1965362120625753
9.058555514753987,3.557286432160804,0.9875728322609209
9.058555514753987,3.557286432160804,1.260130372663486
9.058555514753987,3.557286432160804,1.298555586868543
9.121897582557395,3.5821608040201007,0.45634784811065005
9.121897582557395,3.5821608040201007,1.0496007389235869
9.121897582557395,3.5821608040201007,1.385119741248912
9.121897582557395,3.5821608040201007,1.2635201544250851
9.121897582557395,3.5821608040201007,1.0739092472399163
9.185239650360803,3.607035175879397,1.0739092472399163
9.185239650360803,3.607035175879397,1.377720501319176
9.185239650360803,3.607035175879397,1.0038634788857976
9.185239650360803,3.607035175879397,0.8867169325614446
9.185239650360803,3.607035175879397,1.3123741624232124
9.248581718164209,3.6319095477386933,1.0917280631906618
9.248581718164209,3.6319095477386933,1.0057249413917213
9.248581718164209,3.6319095477386933,0.9465219893880735
9.248581718164209,3.6319095477386933,1.0005996399741537
9.248581718164209,3.6319095477386933,0.9809424456378493
9.248581718164209,3.6319095477386933,1.37513488553682
9.248581718164209,3.6319095477386933,1.0014269222445382
9.311923785967618,3.65678391959799,1.319369763845632
9.311923785967618,3.65678391959799,0.43787858837235233
9.311923785967618,3.65678391959799,1.2806807322497133
9.375265853771024,3.6816582914572864,1.0774642610886704
9.375265853771024,3.6816582914572864,1.2217586458506213
9.375265853771024,3.6816582914572864,0.9606016898678079
9.375265853771024,3.6816582914572864,1.3025042433817764
9.375265853771024,3.6816582914572864,1.3830959532075677
9.438607921574434,3.706532663316583,1.3826097190345323
9.438607921574434,3.706532663316583,1.2561751600208801
9.438607921574434,3.706532663316583,1.2779796486636072
9.438607921574434,3.706532663316583,1.2656724769587488
9.438607921574434,3.706532663316583,1.0758930037471515
9.438607921574434,3.706532663316583,1.1073961285954221
9.438607921574434,3.706532663316583,1.056909730505078
9.438607921574434,3.706532663316583,1.0655983195210157
9.50194998937784,3.7314070351758795,0.3492354360285818
9.50194998937784,3.7314070351758795,0.3856393968408998
9.50194998937784,3.7314070351758795,0.486239889106656
9.50194998937784,3.7314070351758795,1.3263646975043215
9.50194998937784,3.7314070351758795,1.2946568920971022
9.50194998937784,3.7314070351758795,1.254937675451596
9.50194998937784,3.7314070351758795,1.0861921993961001
9.565292057181248,3.7562814070351758,1.0450466260258524
9.565292057181248,3.7562814070351758,0.49794050436597814
9.565292057181248,3.7562814070351758,1.07195170205961
9.565292057181248,3.7562814070351758,1.0602178653908108
9.628634124984655,3.7811557788944725,1.1268011219154286
9.628634124984655,3.7811557788944725,0.9463278882625774
9.628634124984655,3.7811557788944725,0.9517452639089057
9.628634124984655,3.7811557788944725,1.031105046560489
9.691976192788063,3.806030150753769,1.3847262190292764
9.691976192788063,3.806030150753769,1.291015495958795
9.691976192788063,3.806030150753769,1.3051617192293243
9.691976192788063,3.806030150753769,1.355737695841805
9.691976192788063,3.806030150753769,1.0480463625208591
9.755318260591471,3.8309045226130656,0.42056118143292814
9.755318260591471,3.8309045226130656,0.9546121982718508
9.818660328394879,3.855778894472362,0.9933504989198162
9.818660328394879,3.855778894472362,1.2938246139453462
9.882002396198285,3.880653266331658,1.2629519446632629
9.882002396198285,3.880653266331658,1.3856256433725518
9.882002396198285,3.880653266331658,1.3487890502128566
9.882002396198285,3.880653266331658,0.9663784227196106
9.945344464001694,3.905527638190955,1.3594589003248825
9.945344464001694,3.905527638190955,0.9663728489383425
9.945344464001694,3.905527638190955,1.334308770676326
9.945344464001694,3.905527638190955,1.1205213151730136
9.945344464001694,3.905527638190955,1.3487890502128566
9.945344464001694,3.905527638190955,1.2908243949164753
9.945344464001694,3.905527638190955,1.2628475385957825
10.0086865318051,3.9304020100502512,0.999841761246119
10.0086865318051,3.9304020100502512,1.0509824721031795
10.0086865318051,3.9304020100502512,1.390095695754446
10.0086865318051,3.9304020100502512,1.3424396406494346
10.07202859960851,3.955276381909548,1.3873330842785738
10.07202859960851,3.955276381909548,0.3851677054241164
10.07202859960851,3.955276381909548,0.9920244205679521
10.07202859960851,3.955276381909548,1.2643729624017477
10.07202859960851,3.955276381909548,1.073746518213269
10.135370667411916,3.9801507537688443,1.065526389007743
10.135370667411916,3.9801507537688443,1.1944363476117537
10.135370667411916,3.9801507537688443,1.11313218779193
10.135370667411916,3.9801507537688443,1.099475454867964
10.135370667411916,3.9801507537688443,1.1965395358112771
10.135370667411916,3.9801507537688443,1.256365734008806
10.135370667411916,3.9801507537688443,0.9861244259262029
10.135370667411916,3.9801507537688443,1.0784851118617083
10.198712735215324,4.005025125628141,1.3906433476178746
10.198712735215324,4.005025125628141,0.9997199642771849
10.262054803018732,4.029899497487437,1.1177245028852616
10.262054803018732,4.029899497487437,1.3029310787147548
10.262054803018732,4.029899497487437,1.2904692614943072
10.262054803018732,4.029899497487437,1.1703934083324228
10.262054803018732,4.029899497487437,1.078169295411501
10.262054803018732,4.029899497487437,1.062212127297675
10.262054803018732,4.029899497487437,1.0639203026613917
10.262054803018732,4.029899497487437,1.3176730102787775
10.262054803018732,4.029899497487437,1.2067844494436704
10.262054803018732,4.029899497487437,1.2739850760059241
10.262054803018732,4.029899497487437,1.1967172021970431
10.32539687082214,4.054773869346734,0.9791629601064903
10.32539687082214,4.054773869346734,1.275572963458582
10.32539687082214,4.054773869346734,1.1400117664652012
10.32539687082214,4.054773869346734,1.249758052383737
10.32539687082214,4.054773869346734,1.1203161456822737
10.32539687082214,4.054773869346734,0.6407500030404063
10.32539687082214,4.054773869346734,1.1161511842067717
10.388738938625545,4.07964824120603,0.9920162519535562
10.388738938625545,4.07964824120603,1.0587077065442378
10.388738938625545,4.07964824120603,1.3450451927185465
10.388738938625545,4.07964824120603,1.2895407710403526
10.388738938625545,4.07964824120603,0.3439793002267674
10.388738938625545,4.07964824120603,0.998659922243593
10.452081006428955,4.104522613065327,1.2765523663092897
10.452081006428955,4.104522613065327,1.1487245470849372
10.452081006428955,4.104522613065327,1.2769244565279767
10.452081006428955,4.104522613065327,1.1407998520995641
10.452081006428955,4.104522613065327,0.9664162087804058
10.515423074232363,4.1293969849246235,1.383593189977243
10.515423074232363,4.1293969849246235,1.3505830256200162
10.515423074232363,4.1293969849246235,0.4880505200140321
10.515423074232363,4.1293969849246235,1.209024692601423
10.578765142035769,4.154271356783919,0.9945617616881929
10.578765142035769,4.154271356783919,1.2661146597820205
10.578765142035769,4.154271356783919,0.9993397358838232
10.642107209839176,4.179145728643216,0.5131341060505726
10.642107209839176,4.179145728643216,1.290735730168555
10.642107209839176,4.179145728643216,1.0024485190868342
10.705449277642584,4.204020100502513,1.3016469455123276
10.705449277642584,4.204020100502513,1.324697038809157
10.705449277642584,4.204020100502513,0.5918228677242713
10.705449277642584,4.204020100502513,1.1460574757838038
10.76879134544599,4.228894472361809,1.3113846915632255
10.76879134544599,4.228894472361809,0.9594769059957627
10.76879134544599,4.228894472361809,0.525095430397695
10.76879134544599,4.228894472361809,0.606315192354001
10.76879134544599,4.228894472361809,1.3762715372562315
10.76879134544599,4.228894472361809,0.7021509609560697
10.76879134544599,4.228894472361809,1.1887944738066336
10.8321334132494,4.2537688442211055,1.1425568903527752
10.8321334132494,4.2537688442211055,1.3113846915632255
10.8321334132494,4.2537688442211055,0.8632444199616734
10.8321334132494,4.2537688442211055,0.9972105367143018
10.8321334132494,4.2537688442211055,1.3102169872210452
10.8321334132494,4.2537688442211055,0.9397664819154744
10.8321334132494,4.2537688442211055,0.6113264690536291
10.895475481052808,4.278643216080402,1.3060021294227697
10.895475481052808,4.278643216080402,1.0155387801797524
10.895475481052808,4.278643216080402,1.2329440078204401
10.958817548856215,4.303517587939699,1.0194965962981237
10.958817548856215,4.303517587939699,1.3070399348762805
10.958817548856215,4.303517587939699,0.3942751407111207
10.958817548856215,4.303517587939699,1.1311104741350722
10.958817548856215,4.303517587939699,1.131422771063389
10.958817548856215,4.303517587939699,1.049902329017047
10.958817548856215,4.303517587939699,0.5327560658237572
11.022159616659621,4.328391959798995,1.011429446380162
11.022159616659621,4.328391959798995,0.7593280776778971
11.022159616659621,4.328391959798995,1.314410731625909
11.022159616659621,4.328391959798995,1.3413995976070219
11.022159616659621,4.328391959798995,0.8447770808315445
11.085501684463031,4.353266331658292,1.1970549958556793
11.085501684463031,4.353266331658292,0.6819476790789766
11.085501684463031,4.353266331658292,0.7593280776778971
11.085501684463031,4.353266331658292,0.9907681127482085
11.085501684463031,4.353266331658292,1.16100326550526
11.148843752266439,4.378140703517588,1.113839790524225
11.148843752266439,4.378140703517588,0.6241529361278597
11.148843752266439,4.378140703517588,1.13626545673674
11.148843752266439,4.378140703517588,0.5770051305278919
11.148843752266439,4.378140703517588,1.183910579391371
11.212185820069845,4.403015075376884,0.9402507891445497
11.212185820069845,4.403015075376884,0.856868135322789
11.275527887873253,4.427889447236181,1.2467864059081346
11.275527887873253,4.427889447236181,1.275627938812543
11.275527887873253,4.427889447236181,1.275196049404462
11.275527887873253,4.427889447236181,1.2631830036665144
11.275527887873253,4.427889447236181,1.2888166804330619
11.275527887873253,4.427889447236181,1.0149111446154544
11.275527887873253,4.427889447236181,1.322857607761526
11.33886995567666,4.452763819095478,1.2573587076526866
11.33886995567666,4.452763819095478,1.2115276164853004
11.402212023480066,4.477638190954774,1.2548406018327238
11.402212023480066,4.477638190954774,1.279987796714378
11.402212023480066,4.477638190954774,1.1955668834293454
11.402212023480066,4.477638190954774,0.6553531418290759
11.465554091283476,4.50251256281407,0.7834984155257654
11.465554091283476,4.50251256281407,1.0311404856735908
11.528896159086884,4.527386934673367,0.7090008465690105
11.528896159086884,4.527386934673367,1.2295889605021046
11.528896159086884,4.527386934673367,1.294694804839375
11.528896159086884,4.527386934673367,0.9761021639129785
11.528896159086884,4.527386934673367,1.0643636714447526
11.592238226890291,4.552261306532664,0.9910229062598271
11.592238226890291,4.552261306532664,0.7090008465690105
11.592238226890291,4.552261306532664,1.08303489252427
11.592238226890291,4.552261306532664,1.045848206783257
11.592238226890291,4.552261306532664,0.8140053570180771
11.655580294693697,4.57713567839196,0.8900416167550308
11.655580294693697,4.57713567839196,1.1405802102930085
11.655580294693697,4.57713567839196,0.9501225598199683
11.655580294693697,4.57713567839196,1.1042299371145399
11.655580294693697,4.57713567839196,0.9474043155368504
11.655580294693697,4.57713567839196,1.398039012152279
11.655580294693697,4.57713567839196,1.125713975223862
11.655580294693697,4.57713567839196,0.9338086908229555
11.655580294693697,4.57713567839196,1.2281811742891848
11.718922362497107,4.602010050251256,1.2281811742891848
11.718922362497107,4.602010050251256,1.3411740829132541
11.718922362497107,4.602010050251256,1.228677762354779
11.718922362497107,4.602010050251256,1.3937239198025044
11.718922362497107,4.602010050251256,1.1752669595706056
11.782264430300515,4.626884422110553,0.8772727772674314
11.782264430300515,4.626884422110553,1.2471223364534603
11.782264430300515,4.626884422110553,0.9027795495062555
11.84560649810392,4.651758793969849,1.0692405339323126
11.84560649810392,4.651758793969849,0.8772727772674314
11.84560649810392,4.651758793969849,0.4668806319108627
11.84560649810392,4.651758793969849,1.2575289369121296
11.84560649810392,4.651758793969849,1.107489602366868
11.84560649810392,4.651758793969849,1.2471223364534603
11.908948565907329,4.676633165829146,1.1993850539900566
11.908948565907329,4.676633165829146,1.0115327535372711
11.908948565907329,4.676633165829146,1.1798779976354106
11.908948565907329,4.676633165829146,0.830022132566033
11.908948565907329,4.676633165829146,1.0545877265217454
11.972290633710736,4.7015075376884425,1.0336117837504892
11.972290633710736,4.7015075376884425,0.9609903487935817
11.972290633710736,4.7015075376884425,1.0503383480408852
11.972290633710736,4.7015075376884425,1.1903976008750914
11.972290633710736,4.7015075376884425,1.2197648417516727
11.972290633710736,4.7015075376884425,1.234074744316658
11.972290633710736,4.7015075376884425,1.2988412602188304
12.035632701514142,4.726381909547738,1.1406708034677098
12.035632701514142,4.726381909547738,0.2796301849046415
12.098974769317552,4.751256281407035,1.2682203889035963
12.098974769317552,4.751256281407035,1.3412649580823088
12.098974769317552,4.751256281407035,0.981560499296894
12.16231683712096,4.776130653266332,1.3027051363769548
12.16231683712096,4.776130653266332,0.31824602682855485
12.16231683712096,4.776130653266332,1.1333571509416738
12.16231683712096,4.776130653266332,1.1917815899498643
12.225658904924368,4.801005025125629,1.0678057099125389
12.225658904924368,4.801005025125629,1.2369486100499618
12.225658904924368,4.801005025125629,1.1555350475878685
12.225658904924368,4.801005025125629,0.1998993976941016
12.225658904924368,4.801005025125629,0.6918333420895358
12.225658904924368,4.801005025125629,1.1670948119097118
12.225658904924368,4.801005025125629,1.3153111494431002
12.225658904924368,4.801005025125629,0.8855333217094016
12.225658904924368,4.801005025125629,1.1260907929853061
12.289000972727774,4.8258793969849245,1.250077923676743
12.289000972727774,4.8258793969849245,0.9989136942731325
12.289000972727774,4.8258793969849245,1.244930001541001
12.289000972727774,4.8258793969849245,1.0813284692052192
12.289000972727774,4.8258793969849245,1.1594537417156818
12.289000972727774,4.8258793969849245,1.2079688045156125
12.352343040531181,4.850753768844221,0.963264015454723
12.352343040531181,4.850753768844221,1.1497290267898579
12.415685108334591,4.875628140703518,1.3100676778592044
12.415685108334591,4.875628140703518,0.2491146454207583
12.415685108334591,4.875628140703518,1.2743560662579305
12.415685108334591,4.875628140703518,1.2285345916498833
12.415685108334591,4.875628140703518,1.0981248266660362
12.415685108334591,4.875628140703518,1.1374874576133107
12.415685108334591,4.875628140703518,1.2350525052232215
12.479027176137997,4.900502512562814,0.4000257548772077
12.479027176137997,4.900502512562814,1.209506693775518
12.479027176137997,4.900502512562814,1.1067809382261773
12.542369243941405,4.925376884422111,1.2380948619663121
12.542369243941405,4.925376884422111,1.276256786040407
12.542369243941405,4.925376884422111,0.6237677590544322
12.605711311744813,4.950251256281407,1.3436936033590356
12.605711311744813,4.950251256281407,0.979807417096755
12.605711311744813,4.950251256281407,1.0684102662239583
12.605711311744813,4.950251256281407,1.2380948619663121
12.605711311744813,4.950251256281407,1.133991999624993
12.605711311744813,4.950251256281407,1.2123156857933906
12.669053379548219,4.975125628140703,1.2042939570924032
12.669053379548219,4.975125628140703,0.9454271022524761
12.669053379548219,4.975125628140703,1.1715608196471543
12.669053379548219,4.975125628140703,1.0299698027048143
12.669053379548219,4.975125628140703,1.267063574776289
12.669053379548219,4.975125628140703,1.180975923240121
12.669053379548219,4.975125628140703,1.3634185781200592
12.669053379548219,4.975125628140703,1.2465458267561194
12.669053379548219,4.975125628140703,1.3581541920824312
12.669053379548219,4.975125628140703,1.1584122036685003
12.732395447351628,5.0,1.2465458267561194
12.732395447351628,5.0,1.3071884016843585
12.732395447351628,5.0,1.0070548988723467
12.732395447351628,5.0,1.0136941469092509
12.732395447351628,5.0,0.9347937981359922
