Time,Q_Stable,Q_Chaotic,Q_Oscillatory
0.0,66.77777777777777,678.7777777777778,24966.777777777777
0.020005001250312578,68.1708095004942,742.9538950728057,42514.691628546076
0.040010002500625155,76.27630857046937,981.6343837730152,137115.34948931317
0.06001500375093773,89.6205070191614,1428.4588857281024,523070.2469077618
0.08002000500125031,107.84509032960878,2177.4319746872566,2051087.196714551
0.10002500625156288,131.23759601840263,3387.9954860024777,7911022.126488503
0.12003000750187547,160.49065929262466,5318.015405552657,27474889.75009484
0.14003500875218805,196.64296573423812,8370.783837566412,68418484.43552934
0.16004001000250062,241.0339607446562,13143.194704422163,82527852.12859972
0.1800450112528132,295.2741814018193,20412.817064302442,36934793.28883402
0.20005001250312576,361.2108728432164,31432.624090515863,5309596.344412872
0.22005501375343836,440.91727943615666,47724.826555067615,2954133.6910457183
0.24006001500375093,536.5968365903734,70374.51381434451,13330730.218075493
0.26006501625406353,650.523346230249,99038.71801241908,20288163.67296597
0.2800700175043761,785.142083873932,131086.99065203837,14423949.933490803
0.30007501875468867,942.3400051889674,159422.73047702404,5250735.765303683
0.32008002000500124,1123.0094961289747,176432.5855478477,1013256.6533662104
0.3400850212553138,1326.5612240876753,176982.42786962603,704543.3787404803
0.3600900225056264,1550.4066473277992,164900.24914194673,1756595.3294136995
0.38009502375593895,1791.5326481011339,143172.16732775234,2414433.402211384
0.4001000250062515,2042.7493079475953,117454.55953615003,2179068.270931535
0.42010502625656415,2285.5340974884625,90531.55848984918,1512414.5956623196
0.4401100275068767,2499.9274093099502,65951.11111395196,893338.0922447685
0.4601150287571893,2667.6642081961213,45665.3127437182,482118.03187547793
0.48012003000750186,2774.7839458949566,30480.10268094183,242017.14358889702
0.5001250312578145,2812.950145446337,19812.495575240566,114541.77509121546
0.5201300325081271,2778.754141378156,12663.527458966531,59099.86430553833
0.5401350337584396,2671.2624770049915,8025.802198902578,52995.8509279141
0.5601400350087522,2494.6231178753246,5075.91986694335,84934.68236583497
0.5801450362590648,2296.8324198429527,3229.534547709319,144288.979570197
0.6001500375093773,2118.368498494854,2083.0542919030368,209755.54035384307
0.6201550387596899,1971.2267631813727,1371.5874692948573,249468.4071303664
0.6401600400100025,1851.8616074510785,938.3518250223282,250314.90168934528
0.660165041260315,1756.5323347615126,681.6269404040584,231471.80674576454
0.6801700425106276,1689.7469370484189,536.4504407639643,212073.6324440735
0.7001750437609402,1636.1895779677764,466.562056711667,195893.91665794302
0.7201800450112528,1577.2202944152605,450.361833102213,177038.0535754269
0.7401850462615653,1502.021145670002,471.2203352305518,154654.61472766998
0.7601900475118779,1407.1996990458854,515.8623364289566,133155.81471921253
0.7801950487621905,1297.1101833289079,573.3561954092299,117153.65742056565
0.800200050012503,1180.6788043501285,631.7348539127244,111478.37310996008
0.8202050512628157,1062.0945812884684,679.3491072102158,124709.97188116555
0.8402100525131283,945.7631777420463,707.8795231981017,174372.77564338967
0.8602150537634409,835.8276363942296,713.1342981859661,286067.22660001676
0.8802200550137534,735.4209564335191,694.4732051475667,477674.8786093643
0.900225056264066,646.4431919431561,657.7993493867963,718230.1183091311
0.9202300575143786,568.832423155667,612.5801214627079,890529.3385554082
0.9402350587646912,501.2065514369932,568.2849959534922,892571.7580402929
0.9602400600150037,442.64537384547066,533.9332811632397,773181.1908341581
0.9802450612653163,392.0610718795862,516.8172367172376,628399.935166063
1.000250062515629,348.33565423182415,520.2679867434447,485356.44076823274
1.0202550637659416,310.44044373401385,540.8018224059438,359593.1228134877
1.0402600650162541,277.52635646060025,570.0770895199317,262073.67171397427
1.0602650662665667,249.0324587364921,599.2044719656243,194324.04406574802
1.0802700675168793,224.51486080896052,620.824319020214,151245.5084371956
1.1002750687671918,203.59793593336207,629.9307731994445,125046.13019735781
1.1202800700175044,186.0237349719108,623.8667080217022,109437.09798597847
1.140285071267817,171.6707805395999,604.5229945673357,102258.87106748197
1.1602900725181295,160.56141264822136,573.2098935877306,106750.64689184923
1.1802950737684421,152.7672039697074,531.8842826230226,136846.31957308098
1.2003000750187547,148.3447118392968,485.1394190985757,230900.3092196811
1.2203050762690673,147.4474967656693,439.19350441975206,486425.68267211836
1.2403100775193798,150.29406632953916,400.5081916242607,1120149.5693206808
1.2603150787696924,157.16006392903967,374.2399793228765,2490777.8936155643
1.280320080020005,168.3694501319058,363.4394444971483,4696323.273454525
1.3003250812703175,184.23883404066166,370.0633129423525,6581911.399507649
1.32033008252063,205.03933845815214,395.3420323702391,6318017.017467912
1.3403350837709427,231.09894467637685,439.335322983481,4267156.048644495
1.3603400850212553,262.6389913993662,500.2560627394139,2175204.9563344633
1.3803450862715678,299.70503264331114,573.6571141211657,895101.7572016848
1.4003500875218804,342.0965108857365,651.7935130999836,304576.18693323364
1.420355088772193,389.2930560574219,726.7637210826063,126526.28072951655
1.4403600900225055,440.38294993026386,787.3880659237991,188317.8003710161
1.460365091272818,494.0035370885679,823.2338599274225,389912.619991041
1.4803700925231307,548.9232121129402,829.1430311178243,626097.0682712799
1.5003750937734432,602.9060972399839,806.6009964350952,763730.9214632739
1.5203800950237558,652.0896035324404,762.6523350953989,742948.84262816
1.5403850962740684,692.736785801141,706.5441975893385,638358.0501518451
1.560390097524381,721.6713018336015,652.3683718015449,520021.4623029627
1.5803950987746935,736.6422793112216,614.5010830601869,407120.3481542467
1.600400100025006,736.5417798061624,597.9087678996582,308516.81664551585
1.620405101275319,721.4163458849068,601.0726012111336,231710.2269585949
1.6404101025256315,692.2681553139622,619.5861400649361,178038.69702328334
1.660415103775944,648.7553474259067,648.4707529027125,143423.53795941084
1.6804201050262566,595.6916484369685,680.5507280522612,122068.54554620954
1.7004251062765692,544.2875064730403,704.7120140769646,110221.61250622147
1.7204301075268817,500.6138417405832,712.9930837204464,108577.07498165037
1.7404351087771943,466.16249233297196,702.3201933701216,125729.2423404871
1.7604401100275069,439.6663167831702,674.4721899615585,187648.178881105
1.7804451112778195,419.22093010857753,634.7134178223822,360233.8399463577
1.800450112528132,404.08582388045187,588.5467988920573,798459.2727030662
1.8204551137784446,395.81284866097457,539.0259643260331,1772948.673601083
1.8404601150287572,395.8845102537434,490.64462922941345,3488573.2244807617
1.8604651162790697,397.68896980647,448.6116705411082,5340523.938429984
1.8804701175293823,397.82361360814787,418.2493242417105,5725124.853829205
1.9004751187796949,394.0006660414142,404.3117952772207,4410667.939279407
1.9204801200300075,385.01633256977266,410.5652515251959,2534045.345941187
1.94048512128032,370.825462044637,439.1672364204267,1174725.4270926847
1.9604901225306326,352.4125179845644,489.14168853851794,461144.83052366186
1.9804951237809452,331.5279507073948,557.75048694435,164203.63757366178
2.000500125031258,309.2143055391157,640.3465509617347,114093.96163261315
2.0205051262815705,285.7973920590242,729.9485469573879,222800.05697929338
2.040510127531883,261.968795328755,816.6748833022808,429468.62617239344
2.0605151287821957,238.40103606554865,887.7253135090466,644158.3523778367
2.0805201300325082,215.69075394642607,933.8743536745276,743488.6312896332
2.100525131282821,194.3214582899961,948.3033075355235,701843.9339785802
2.1205301325331334,174.6449443794554,929.1019632426236,601242.1317715415
2.140535133783446,156.8437108411266,881.9519564067592,488248.19950176147
2.1605401350337585,140.8603275366154,819.4094722217073,382447.2301975785
2.180545136284071,126.7689232060381,757.1854690744289,291160.8417437891
2.2005501375343837,114.59563169616952,709.141049491165,220366.43167818576
2.2205551387846962,104.33069277030357,685.8201182505128,171350.87905591508
2.240560140035009,95.96921417123505,688.5833217789896,140058.9884419966
2.2605651412853214,89.53940786294697,711.2052160286793,121438.06278612684
2.280570142535634,85.1181420267146,743.9642440741959,113344.80595961811
2.3005751437859465,82.83771852501604,776.5330994051853,119657.28017126142
2.320580145036259,82.85092337769298,800.1534431482872,156600.95758650126
2.3405851462865717,85.04431769749318,808.9015758043399,267398.1061225399
2.3605901475368842,89.32337772750202,797.5853269014976,555199.9004589655
2.380595148787197,95.58713638544742,765.9019900750565,1219038.3404671126
2.4006001500375094,103.68962323040635,718.2747538947579,2491219.4112588093
2.420605151287822,113.42839894563414,662.229808696806,4156567.8036267
2.4406101525381345,124.53260667939749,605.3189160502327,5066317.187316146
2.460615153788447,136.65165037199475,551.0029048145736,4417060.973238028
2.4806201550387597,149.34944624671488,504.0575912082097,2883271.6478839247
2.5006251562890722,162.2658077098357,469.74206921354386,1519040.370183328
2.520630157539385,174.7207152277377,453.0822407353074,682279.4541962629
2.5406351587896974,185.8256645643604,458.26296634516643,266785.083758701
2.56064016004001,194.73185598507064,488.31799612987953,113125.1119879752
2.5806451612903225,200.72421060300613,544.4509796077925,124842.15932887192
2.600650162540635,203.30344527114278,623.0787312591341,259686.15394874403
2.6206551637909477,202.24413213395917,718.0967214688599,477257.4067913305
2.64066016504126,197.6189675205066,821.3390968122617,689962.7684064219
2.660665166291573,189.78379161281975,922.623490774328,779276.8405893617
2.6806701675418854,179.32393414505086,1009.5209115315737,724031.8715034932
2.700675168792198,166.9608173349653,1067.528601334001,612431.093431401
2.7206801700425105,153.12760721330298,1088.6666137436744,494089.64436039334
2.740685171292823,139.27575110769646,1072.4633408570826,383262.18712426344
2.7606901725431356,126.86328800988537,1023.9681481185389,288877.0179834652
2.780695173793448,116.71225930772093,954.9982499926411,217270.21113169612
2.800700175043761,109.10692736030609,882.6239527311153,168542.6116269444
2.8207051762940734,103.95103060766209,824.7029591402957,137824.55346646855
2.840710177544386,100.9419634233377,793.5441434523539,119571.19183340717
2.8607151787946985,99.72770813596546,792.5009990380717,111623.98043420812
2.880720180045011,100.02399892252545,815.483253955789,117750.76056590327
2.9007251812953236,101.68239115421478,851.1660799622905,153706.02627068502
2.920730182545636,104.36892052357166,886.9953526857839,262376.5696363353
2.940735183795949,107.16141108696681,911.5788463124275,544752.2350340888
2.9607401850462614,109.28035692742372,918.4931152107704,1213521.2575792714
2.980745186296574,110.12472235093625,905.1206961954388,2521239.315620094
3.0007501875468865,109.3354552849269,869.6767130981501,4294727.822340885
3.020755188797199,106.81503412584026,815.5888754403209,5369699.707835011
3.0407601900475116,102.70838588511792,750.2737028882968,4716278.873914024
3.060765191297824,97.35387648711006,683.0174058849798,3078553.850256898
3.0807701925481368,91.2146959295025,621.0110707931666,1603820.2502703723
3.1007751937984493,84.80189318765593,567.6332639825151,705779.1201845036
3.120780195048762,78.51535120785262,528.1457496579085,267976.8511108388
3.1407851962990745,72.16536140402307,507.86426396928255,113393.80019583026
3.160790197549387,65.84967848787525,511.51520915626395,135772.83574476495
3.1807951987996996,59.731191785900485,542.5128979207045,284310.02485786437
3.200800200050012,53.95440859501292,603.3000946426587,508749.828273997
3.220805201300325,48.64607874721325,693.2036405288063,706269.9097928383
3.240810202550638,43.91623539865303,804.0186007458915,767547.4472254028
3.2608152038009504,39.85922995975922,924.8558616953515,702429.2131894424
3.280820205051263,36.55440473849999,1043.6200970338805,587040.5898928053
3.3008252063015755,34.06615482199639,1147.8530810132013,470074.09129046235
3.320830207551888,32.46196930050081,1224.7221752130451,363649.3457384343
3.3408352088022006,31.753243854733753,1260.2568973593297,274090.5671421021
3.360840210052513,31.881323747237754,1244.6995741556154,207196.65522788733
3.380845211302826,32.75680642066969,1190.9448614257483,162246.89125228886
3.4008502125531384,34.271410998784454,1116.3116105562945,134068.42423033586
3.420855213803451,36.307966128274956,1036.707522570342,117676.20773303285
3.4408602150537635,38.7471785577781,967.5915270617929,111631.38933615557
3.460865216304076,41.47055566386643,923.8172835991084,121278.81756131997
3.4808702175543886,44.35959105767928,915.6444965240075,165713.70656047796
3.500875218804701,47.29206873138014,937.3885034653307,295082.4383458165
3.5208802200550138,50.1370850711731,974.9223547191095,625440.8582862079
3.5408852213053263,52.75112107658702,1013.0474466485778,1386935.2044567983
3.560890222555639,54.925919351358274,1039.1478308331048,2805211.1277510915
3.5808952238059515,56.42561426618839,1044.7229327708503,4547407.546519744
3.600900225056264,57.134104083095046,1026.2468378187573,5338475.989553221
3.6209052263065766,56.97865624618717,987.4331533376952,4428220.648211501
3.640910227556889,55.93945502460717,929.6935939852239,2764920.9387434577
3.6609152288072018,54.05636669341444,857.6678140445276,1397681.2224637163
3.6809202300575143,51.43032675000043,779.28386143821,600089.1726014081
3.700925231307827,48.218604430474166,703.975271463567,224878.6535537748
3.7209302325581395,44.62365265517559,640.6921948188726,106213.99113078222
3.740935233808452,40.8758341840998,594.7257781513163,151739.90815377486
3.7609402350587646,37.21099062135399,569.9412377488542,316049.601342318
3.780945236309077,33.83466241392755,571.034654850216,545089.7409601449
3.8009502375593898,30.91579429190773,602.0746492674896,726782.4434675088
3.8209552388097023,28.634127141360924,665.4507989696131,764139.95584098
3.840960240060015,27.07777941834261,760.6048740184993,687823.4177860186
3.8609652413103275,26.247280796161796,883.8894127594651,569685.3384824304
3.88097024256064,26.073458109320676,1029.1370444660786,453568.7480102183
3.9009752438109526,26.437063813267656,1177.356781663931,349098.1138846732
3.920980245061265,27.187688053561036,1307.267304767326,262622.42410752125
3.9409852463115778,28.160510119893672,1401.2795981326185,199152.90481068118
3.9609902475618903,29.190339201544194,1448.8047402750287,157071.29515825224
3.980995248812203,30.123115000318702,1446.3980701098037,130928.30438933763
4.001000250062516,30.82556625389129,1394.2548194486233,116041.94384174641
4.021005251312828,31.269183207254372,1298.4743309401545,111793.46422545571
4.041010252563141,31.429821907990853,1199.9573426351428,124918.067134274
4.061015253813453,31.219325315004006,1124.7329031733457,177756.330607341
4.081020255063766,30.588789380800584,1077.5609622709292,327332.74860191677
4.101025256314078,29.533184773423397,1055.020590389016,704966.3956698035
4.121030257564391,28.090476945120898,1057.4306831726353,1554670.714636694
4.1410352588147035,26.335774126154384,1090.7981827172287,3068109.747270886
4.1610402600650165,24.371363965186617,1134.1740763944663,4763920.923146902
4.181045261315329,22.31377187882748,1165.6524080465601,5306358.2877863785
4.201050262565642,20.2791989225745,1172.4313072994005,4202740.290023766
4.221055263815954,18.368901028125542,1150.5749693758778,2529869.5925407726
4.241060265066267,16.630306954737986,1104.0993905858868,1245500.0254825903
4.261065266316579,15.057928328487296,1040.9320260224888,522122.6711212802
4.281070267566892,13.68968303985063,965.1549097745977,193851.1533286816
4.301075268817204,12.553857698237906,882.4807299458596,104005.45674544791
4.321080270067517,11.668808309742602,800.2078364709205,170080.97711951705
4.341085271317829,11.044361054527213,726.2342969683662,348677.2911737455
4.361090272568142,10.682794577760612,668.3007872383007,579402.9481519307
4.381095273818454,10.579301609315795,633.4778674940127,742756.3595366771
4.401100275068767,10.72188649907567,626.8042080185305,756960.4171573544
4.4211052763190795,11.090726316284771,651.911078614193,670643.551803093
4.4411102775693925,11.65710997424077,711.9006195405418,551351.1593825312
4.461115278819705,12.38227112368737,808.0526190832824,436621.9741292348
4.481120280070018,13.218788925886187,938.0688125740531,334408.7456849737
4.50112528132033,14.105086085291113,1094.0431401014166,251351.9766876749
4.521130282570643,14.970346251201267,1261.281683799659,191426.57303151948
4.541135283820955,15.743355432979742,1424.2853075184626,152169.31746446865
4.561140285071268,16.35942012950985,1558.1633157822255,128001.37011057069
4.58114528632158,16.766254423461078,1640.472814423399,114644.4399845804
4.601150287571893,16.928417111644578,1660.3236611728303,112385.78179334957
4.621155288822205,16.829966843909546,1620.5722272036521,129588.70537072167
4.641160290072518,16.47511522538138,1533.954149159011,192373.33011682253
4.66116529132283,15.886796185178573,1418.7385037274737,365760.8362834215
4.681170292573143,15.103232898209384,1315.0624933483537,798107.4433141885
4.7011752938234554,14.172766322048515,1246.2542096053455,1743814.1185501977
4.7211802950737685,13.147222333703233,1215.0905874779398,3343449.2668681177
4.741185296324081,12.057562465740773,1215.8336961975426,4953118.325119689
4.761190297574394,10.967821064185088,1243.4939751437514,5220066.250201142
4.781195298824706,9.952355923435013,1287.4082574244474,3948293.583142403
4.801200300075019,9.06570880827786,1322.7017365692532,2293460.894145513
4.821205301325331,8.343012165750153,1332.408603427908,1100251.9914424599
4.841210302575644,7.801826970108584,1309.600819099354,450535.9426141422
4.861215303825956,7.4448149371412695,1257.4136420751615,167332.52122065937
4.881220305076269,7.2627405380507035,1185.788037214477,105216.26622484054
4.901225306326581,7.237413802754645,1100.6337443527177,191197.94355898083
4.921230307576894,7.34431248509352,1007.3750041459305,382842.7317638731
4.941235308827206,7.554750546413923,913.6797034463357,612179.4592618474
4.961240310077519,7.837578938410536,827.7778961402388,755450.0793359436
4.981245311327831,8.160506056461204,757.8282862557903,748129.6923082605
5.0012503125781445,8.50284150365826,711.5715424494219,652905.1290901882
5.021255313828457,8.84665624003951,695.1201246189762,533368.7247589156
5.04126031507877,9.139623382175255,712.8817426190725,420114.29745191464
5.061265316329082,9.335066481648973,769.1082850861852,320282.92862294486
5.081270317579395,9.39814396818101,866.5957802908584,240693.1700954107
5.101275318829707,9.309093370940012,1004.7504539375369,184222.75003338433
5.12128032008002,9.064563252257205,1177.2541733843063,147631.80075988141
5.141285321330333,8.677039276346498,1369.9515700434997,125320.49019669715
5.161290322580645,8.172505903421198,1566.6525275634153,113486.37627630588
5.181295323830958,7.586606125855288,1740.4605741382807,113378.53342630548
5.20130032508127,6.959671680820856,1862.4690772760082,135194.31762666348
5.221305326331583,6.331099487916168,1915.0153495694406,209279.5956041008
5.241310327581895,5.733651745172393,1895.701765774115,409577.0945715211
5.261315328832208,5.188361509472989,1814.7280597902998,902506.8679521533
5.28132033008252,4.702035124536438,1687.5055225823078,1948705.2422798946
5.3013253313328335,4.283938288168244,1560.2092121710316,3619934.79828663
5.321330332583146,3.943460781373868,1467.1689281556178,5111156.760679178
5.341335333833459,3.6856100962781175,1415.464001539452,5099712.341151431
5.361340335083771,3.511728274898889,1400.351002219896,3689593.1278090207
5.381345336334084,3.4201022030986405,1418.404088784352,2072761.8825741825
5.401350337584396,3.4064209961314638,1462.0434990819058,969819.2211531615
5.421355338834709,3.4640507706555774,1501.3692053871018,388175.530828002
5.441360340085021,3.5841145674791655,1514.9742237085843,146089.50011003306
5.461365341335334,3.7553855968653105,1492.9258275325328,109873.23119993089
5.481370342585646,3.964027193179315,1437.2869423361594,214794.41284637048
5.501375343835959,4.193244340378379,1358.6798106944648,417971.10466583044
5.521380345086271,4.422950185992116,1263.7309663784686,642609.112361415
5.541385346336584,4.635171343849105,1158.3015304905655,764306.7400591318
5.561390347586896,4.819117598249795,1050.7891523839326,737438.8011923069
5.5813953488372094,4.960486269172605,950.1659056174201,634549.7016205612
5.601400350087522,5.046042611226474,865.2870452410082,515416.6573809844
5.621405351337835,5.065266515699737,804.3729224272438,403835.64065189514
5.641410352588147,5.011698140766385,773.7203695752073,306614.9092935668
5.66141535383846,4.8838997484820075,779.0241419993894,230562.9554655466
5.681420355088772,4.685942743088686,826.1360985087819,177475.4393792263
5.701425356339085,4.4273618360646445,919.6451454407178,143419.81219685284
5.721430357589397,4.1225561211201605,1060.8901961732229,122870.80659768243
5.74143535883971,3.789658297538552,1245.5977047013253,112590.32082674014
5.761440360090022,3.4489366421407457,1463.6015336394232,114856.28343464289
5.781445361340335,3.1208377351024015,1701.00251830472,141971.81158143308
5.801450362590647,2.823819551521944,1923.4547710394027,229058.6497984835
5.82145536384096,2.572162715569829,2096.106651976672,460166.3321756619
5.841460365091272,2.3747653442862795,2194.9428823566855,1020431.958960498
5.861465366341585,2.2366428342528177,2211.7043830779344,2171703.6210078206
5.881470367591898,2.1579720197081804,2151.360389913658,3895677.539973978
5.901475368842211,2.134590314945348,2021.4965641711283,5232417.9334431
5.921480370092523,2.159093911395487,1864.5309146350169,4947018.267704794
5.941485371342836,2.221906082210267,1739.578504839905,3425336.117853116
5.961490372593148,2.31223566810214,1662.184111155648,1864228.461473885
5.981495373843461,2.418872700755936,1624.2725409061015,851171.7299435178
6.001500375093773,2.5307941699185292,1619.0861993212816,333363.89917635324
6.021505376344086,2.6375765697888127,1651.9463502675071,129464.89898984475
6.041510377594398,2.729632148392767,1695.5606766781043,117808.55344176316
6.061515378844711,2.798302240487226,1717.8355722925153,240768.1808250217
6.081520380095023,2.8358537007907283,1702.3342988655704,453772.7560811097
6.101525381345336,2.8354338289927883,1646.9933639810506,670359.1003605934
6.121530382595648,2.8011769633919323,1561.9576336666637,769153.087011368
6.141535383845961,2.7524798299459228,1458.2328820472617,725192.8526646417
6.1615403850962736,2.682377744037554,1340.7558686421619,616106.6434816597
6.181545386346587,2.5848229348688183,1218.4501318189969,497618.52038615884
6.201550387596899,2.4571525249131505,1100.8492719917972,387885.8434915473
6.221555388847212,2.300651484218416,997.3673684096213,293482.9500901403
6.241560390097524,2.1206495369920275,916.8431045944287,220988.8751022385
6.261565391347837,1.9261367336142765,866.33923076917,171176.5784465448
6.281570392598149,1.7289164545122417,852.3240005782897,139521.85607917624
6.301575393848462,1.5423459464969318,881.9030393807135,120649.90063436767
6.321580395098774,1.3797449206549164,961.5924074719204,111970.47284885167
6.341585396349087,1.2525841486502578,1095.4519725415034,116872.08912465008
6.361590397599399,1.1686001532002264,1282.7539588740296,150057.1269540503
6.381595398849712,1.1300204720219076,1517.1997246058256,252026.965538024
6.401600400100024,1.132127564305766,1787.6515402039445,518194.00379857223
6.421605401350337,1.162438506597677,2060.336524175611,1152372.472594096
6.44161040260065,1.2060929259024806,2297.2550267288375,2410229.7038536435
6.461615403850963,1.2677466056670348,2467.084651832988,4164455.7555961884
6.481620405101276,1.3430525676356069,2550.421639499431,5312012.221976306
6.501625406351588,1.4247278793868694,2538.526131412704,4764382.306230155
6.521630407601901,1.5049394696123841,2422.5170585393803,3163400.8718862003
6.541635408852213,1.576103063357302,2248.5182848996214,1670398.578300537
6.561640410102526,1.6315824821807714,2093.214558755051,744417.9312201946
6.581645411352838,1.6662430518428273,1978.4604628547131,285784.57330493664
6.601650412603151,1.6768246794139912,1898.1343860357608,117225.96142512788
6.621655413853463,1.6621132443535231,1853.0517701482645,128885.91521165677
6.641660415103776,1.622903253488551,1866.5381121548348,268928.63360842795
6.661665416354088,1.5617600705811152,1910.6178067975798,489985.2698556569
6.681670417604401,1.4826061679006344,1942.0945493065233,695074.4068081684
6.701675418854713,1.3901723858524615,1937.167202959652,769679.1580095417
6.721680420105026,1.2893739779711129,1888.40519679514,711434.0917345245
6.7416854213553385,1.185987529885718,1803.4073185596903,597666.8371347189
6.761690422605652,1.0862017407351592,1693.551176069895,479988.06462687254
6.781695423855964,0.9943537206939127,1564.3502807982618,372268.5502772887
6.801700425106277,0.9133550048965596,1425.542806280883,280878.00719095446
6.821705426356589,0.844958021088214,1287.9176536507464,211956.9366795012
6.841710427606902,0.7900479299686326,1162.1669255472075,165300.76958392025
6.861715428857214,0.7489108421569031,1057.8623923608181,135918.51346716288
6.881720430107527,0.7214421084606986,981.6497075213032,118656.6660291525
6.901725431357839,0.7072715522429391,940.8005989551011,111650.61480820549
6.921730432608152,0.7057958677247264,943.5537208474547,119506.34452921883
6.941735433858464,0.716121624189437,998.081549222087,159658.4266604944
6.961740435108777,0.7369350860922713,1111.0907293868197,278617.36679556855
6.981745436359089,0.7663271318208963,1286.0655051699498,584697.082263482
7.001750437609402,0.8016127744483738,1524.3860964081628,1299355.6552267917
7.0217554388597145,0.8391951355562892,1813.3613932176454,2662313.46701564
7.0417604401100276,0.874533345215406,2126.005751821006,4419255.321160056
7.06176544136034,0.9094239303074687,2430.2642361843054,5345487.627580689
7.081770442610653,0.9456640296470382,2692.339977252008,4556452.6362703135
7.101775443860965,0.9751524300084868,2877.839911514724,2906351.7730238037
7.121780445111278,0.9908862941271339,2950.694303149215,1491375.3506445969
7.14178544636159,0.9875643424533147,2899.6695993205003,648667.5515113013
7.161790447611903,0.9623827484343785,2762.8599009624836,244808.2213894782
7.181795448862215,0.9156775908544661,2581.713866615475,109074.44347366852
7.201800450112528,0.8511353215848504,2397.9360573244276,142970.99579333165
7.22180545136284,0.7754112653288507,2254.6844442835736,299090.3213006214
7.241810452613153,0.6971151129780078,2184.8806503451933,526019.5222389562
7.261815453863465,0.6252416248935644,2181.0028447382556,716541.9154182262
7.281820455113778,0.5672442112959216,2212.5193975973207,766710.2563689696
7.3018254563640905,0.5270685417645948,2243.920674870087,696282.6741747252
7.3218304576144035,0.5035826281392499,2247.025969389473,579310.9957009169
7.341835458864716,0.4899586144420791,2206.3612538316474,462614.7811035181
7.361840460115029,0.474679376505187,2124.0089427393627,357020.8628520145
7.381845461365341,0.44763457245723526,2002.4200282203346,268811.2120684227
7.401850462615654,0.42413099723385184,1849.9519762107661,203459.678459709
7.421855463865966,0.4117591833975533,1681.88978673696,159828.45862736824
7.441860465116279,0.411747012251646,1516.1686535617941,132593.82484120643
7.461865466366591,0.4230015424425533,1367.0020515561641,116892.54528160807
7.481870467616904,0.44307389701291866,1236.979122481878,111657.59824679745
7.501875468867216,0.468941388726358,1133.388289390088,122845.4769015367
7.521880470117529,0.49738582884425164,1064.6500513254755,170993.87047496758
7.541885471367841,0.5249589836326222,1039.6688049969325,309285.7127439886
7.561890472618154,0.5477394173434617,1067.8080772171343,660657.2576342565
7.5818954738684665,0.5612982529649433,1159.3894747997226,1462057.9452886162
7.6019004751187795,0.5615035586962626,1320.294388620972,2925296.9029797455
7.621905476369092,0.5506652742848077,1552.0382085433748,4651165.041827987
7.641910477619405,0.5346697270240479,1850.9165381542289,5331182.261630496
7.661915478869717,0.514337213839781,2204.123887002707,4328469.956486881
7.68192048012003,0.48990169993435034,2585.3053705655984,2656983.8819129383
7.701925481370343,0.4614600036693321,2950.65646489363,1326646.7491858169
7.721930482620655,0.429361178795051,3253.56878728953,563264.0073345582
7.741935483870968,0.3944566114116845,3446.9774410950904,209957.21021299882
7.76194048512128,0.3581727078170769,3495.242527226436,104776.28784518778
7.781945486371593,0.32241989168929946,3402.1039361938197,159927.90669010096
7.801950487621905,0.28940297357378836,3209.088589668825,331028.40193323675
7.821955488872218,0.2614486157540016,2971.9850811540937,561219.9682128493
7.84196049012253,0.2408383929622024,2760.337950561772,734606.7973057063
7.861965491372843,0.228077733591526,2631.3680146752263,761003.8043951581
7.8819704926231555,0.22266522252665324,2581.9409991941866,679886.6913033415
7.9019754938734685,0.22344441236229334,2581.8882230436293,561075.7014922232
7.921980495123781,0.22879223377649008,2603.4366002252004,445600.5024190624
7.941985496374094,0.23697676472854104,2616.5828134504495,342174.2654222865
7.961990497624406,0.24646132167037563,2586.190162333458,257288.11256143078
7.981995498874719,0.2561014307284174,2497.4457485785265,195482.42268102316
8.002000500125032,0.2652078624132305,2357.582827178975,154738.5542561771
8.022005501375343,0.27347542731636293,2190.0746717727975,129532.55074886075
8.042010502625656,0.2808036485168509,2008.5578693774519,115361.90291731837
8.062015503875969,0.28706178158315804,1821.6621113961855,112024.8980590445
8.082020505126282,0.2918769918329635,1640.994791776708,126993.04130099218
8.102025506376593,0.2945508790600354,1476.8992942476748,184320.11475033732
8.122030507626906,0.29520064080901054,1338.631927623907,344652.91091834864
8.14203550887722,0.2943973522907885,1234.2141468558107,747136.7183417401
8.162040510127532,0.2907714051925831,1171.5580368349688,1641119.7977338275
8.182045511377844,0.2832085929647739,1160.2672347026505,3196353.412575122
8.202050512628157,0.2709348696702253,1211.152704056498,4855902.376514315
8.22205551387847,0.25379752250494075,1334.9312676941163,5270561.913810112
8.242060515128783,0.2325541610213394,1540.1659212313573,4084470.719719548
8.262065516379094,0.20899243097676296,1831.7093440261424,2417362.861462893
8.282070517629407,0.1857765861736223,2207.824103768392,1175663.8143821764
8.30207551887972,0.16599050198234896,2643.2956581005265,487445.73655264394
8.322080520130033,0.15242038892831133,3100.0527901855294,180768.8274779417
8.342085521380344,0.14669432362808774,3532.0273425275,104128.62152310545
8.362090522630657,0.14846967495850105,3886.6889272304106,179620.35179702588
8.38209552388097,0.15493343781287483,4104.006869983558,364481.24953565456
8.402100525131283,0.16095421820372627,4142.093933867501,594965.0050372916
8.422105526381594,0.16029791085387501,4024.594320379406,749155.0592792291
8.442110527631908,0.1526672772216577,3798.038174716041,753099.3036741506
8.46211552888222,0.14689373803429634,3526.1494080698612,662478.1964742653
8.482120530132534,0.14506103505635612,3284.0650171735942,542964.0980121973
8.502125531382845,0.14724336460511578,3129.8819951762566,428897.63584162475
8.522130532633158,0.15235967659912392,3070.050467382158,327766.25263385737
8.54213553388347,0.15895512704010076,3070.906717256276,246314.6497635725
8.562140535133784,0.165751436400422,3082.040289423323,188007.83720839478
8.582145536384095,0.17182076108027727,3060.6054680839125,150010.72511357127
8.602150537634408,0.17639833591045617,2985.7119449138877,126721.24888197989
8.622155538884721,0.17850989319390642,2856.6079627840218,114072.30607128533
8.642160540135034,0.17675019125516006,2672.561837338048,112792.09662836109
8.662165541385345,0.16970850293982936,2449.1851573985973,132067.95588402858
8.682170542635658,0.15871164423345185,2212.596226744787,199926.9718716139
8.702175543885971,0.14741525141299047,1990.450209605598,385410.85338417906
8.722180545136284,0.13660817343959306,1788.3615522619984,845196.8452409408
8.742185546386596,0.126324746563463,1609.2322855499706,1837087.5639871974
8.762190547636909,0.11626397197738113,1461.0478120316347,3472249.2079652217
8.782195548887222,0.10615529825116995,1351.9130515558725,5031135.4210703
8.802200550137535,0.09600843094959184,1291.0374523398168,5168433.57803686
8.822205551387846,0.08619497227260757,1289.805331525027,3828748.983414459
8.842210552638159,0.07736467030963072,1359.8328331276168,2189127.0001550075
8.862215553888472,0.07025374838136787,1513.8077617678105,1037929.0023064814
8.882220555138785,0.06549718605417815,1763.3473860867246,420473.08959025424
8.902225556389096,0.06361098914814378,2114.5249430416434,156828.8111287486
8.92223055763941,0.06493413903368986,2562.589385229292,106974.8529476155
8.942235558889722,0.0689409321369041,3093.5843780907576,201907.024800348
8.962240560140035,0.07482565297614155,3673.3333262647748,399135.61768844293
8.982245561390348,0.08147197177518628,4218.415544463962,626692.4587241131
9.00225056264066,0.08769770861877793,4647.8172540188625,760056.5855562631
9.022255563890972,0.09253855645334877,4906.0114129883605,743337.9642516711
9.042260565141286,0.09546308232822033,4968.856189439351,644368.0730872955
9.062265566391599,0.09645639406201831,4825.1839036155825,524967.6202046494
9.08227056764191,0.09594806964943517,4494.388790703832,412473.381331119
9.102275568892223,0.09459814118176373,4170.737042827241,313835.22349075763
9.122280570142536,0.09299316088309349,3932.838971493009,235893.67309690677
9.142285571392849,0.09134270448147908,3755.451732016962,181015.04276622675
9.16229057264316,0.08930511969245819,3623.4638735838275,145624.98111430733
9.182295573893473,0.08610991037676016,3586.516201054919,124148.21408967768
9.202300575143786,0.08146971488590753,3582.1141259040915,113034.9640302554
9.222305576394099,0.07629795548510752,3535.2752472617394,114006.16089460664
9.24231057764441,0.07135085160997959,3415.8522037928083,138207.9318477542
9.262315578894723,0.06670375400811829,3230.3047098030765,218145.96893658827
9.282320580145036,0.061869159720934,3006.967601607657,432332.53552759194
9.30232558139535,0.05631176018482655,2756.6453656596664,955889.6503420523
9.32233058264566,0.04999517588137575,2495.659914755386,2050780.1441093069
9.342335583895974,0.0437047968803943,2240.8149807952323,3749185.383242695
9.362340585146287,0.03900196023202929,2006.3384564975986,5172633.793200911
9.3823455863966,0.03777582219200143,1801.4530289329932,5031980.141925111
9.402350587646911,0.041470702788975994,1631.3104057239816,3566233.038210023
9.422355588897224,0.05017831605017496,1503.4950501110636,1973594.7572724668
9.442360590147537,0.06189602922308986,1427.0341044000174,912882.7078301911
9.46236559139785,0.07236395752597671,1413.1044423632663,361639.0761178819
9.482370592648161,0.0760051020412934,1475.5112877262397,137760.1291085963
9.502375593898474,0.06949444462398142,1630.1923375940448,113178.50421005725
9.522380595148787,0.06129811690125807,1891.2266773698584,226639.09042605903
9.5423855963991,0.05566066845741984,2269.9683676000195,434617.8582347811
9.562390597649411,0.053079078889023086,2769.420006714667,655926.4061894654
9.582395598899724,0.05265441187163468,3376.197113972583,767112.4712021092
9.602400600150037,0.05307598081781588,4052.287915059469,731916.6916862887
9.62240560140035,0.053380035605816445,4743.706730112537,625935.2643155196
9.642410602650662,0.053249830078714366,5352.566462181608,507089.9005298385
9.662415603900975,0.052818941146186404,5774.408857029862,396349.29736694234
9.682420605151288,0.05213461518227701,5950.344964642385,300418.4503864179
9.7024256064016,0.05063242969351858,5873.264045727654,226024.88126767354
9.722430607651912,0.04716749191668598,5562.7735251129225,174480.5001491887
9.742435608902225,0.041665172515096424,5169.655719990207,141562.06177179448
9.762440610152538,0.036729591125430464,4830.36133492062,121805.48042947646
9.782445611402851,0.03300851421632739,4573.815421118428,112265.0847188651
9.802450612653162,0.030337335088268434,4405.660848787194,115725.5694229554
9.822455613903475,0.028247994306318244,4339.792713373782,145571.2450951771
9.842460615153788,0.0262903433486974,4298.313140070973,239354.88199311946
9.862465616404101,0.024254084765105835,4207.75534614819,486267.0673039348
9.882470617654413,0.022236056111432735,4035.6574721528746,1080216.0371303265
9.902475618904726,0.020551611012809393,3795.1098073747103,2281235.240749526
9.922480620155039,0.01954270941339911,3511.7946227207385,4022406.7202021554
9.942485621405352,0.01938909272072252,3199.410361722528,5275102.13136353
9.962490622655663,0.020082639888718515,2880.0231393419376,4865296.285664255
9.982495623905976,0.021639265628754414,2574.245398996331,3302538.8856659597
10.002500625156289,0.023949320327608277,2297.920511666537,1771902.8138570301
10.022505626406602,0.026737221589800724,2056.1628719971404,799916.8077218008
10.042510627656913,0.02951110217426605,1853.963203125803,310294.25553361385
10.062515628907226,0.031701419854273105,1697.5515876142695,123225.30042848132
10.08252063015754,0.03286033261904411,1594.767377930899,122598.13209540842
10.102525631407852,0.032822596495756994,1556.474872332793,253655.35670402469
10.122530632658163,0.03176783913318318,1597.563134507543,470662.0338646467
10.142535633908476,0.03015865668317958,1735.2453139495715,682291.372279497
10.16254063515879,0.02856358168111773,1989.4626068747332,769891.0796000974
10.182545636409102,0.027408605953762735,2379.2273553333134,718948.7357310336
10.202550637659414,0.02673563852139991,2916.28608924447,607490.7791134813
10.222555638909727,0.02608104457095523,3597.781009819274,489359.72392895597
10.24256064016004,0.024622239601418152,4409.158351294917,380549.34141397016
10.262565641410353,0.021851408124714516,5282.837821321631,287530.5794100882
10.282570642660666,0.018844571386043677,6110.469658200443,216704.1706033871
10.302575643910977,0.01692558202555975,6784.657025097048,168381.35791557457
10.32258064516129,0.016389666815236167,7212.230354939037,137803.60207718998
10.342585646411603,0.016581289658984262,7308.229417879681,119690.81904304754
10.362590647661916,0.016473202930555434,7074.140045877334,111782.32894138005
10.382595648912227,0.015343503377924811,6665.91476224396,118020.37913109447
10.40260065016254,0.01326315888884667,6205.097412599551,154339.53268100115
10.422605651412853,0.011219654034346632,5789.092023544734,263971.93787404464
10.442610652663166,0.010815802883655983,5511.138963262282,548136.1662493865
10.462615653913478,0.013596360780424796,5364.308126099324,1219094.0812169039
10.48262065516379,0.02016876441384578,5262.896638997995,2526414.1479610014
10.502625656414104,0.029398052658571698,5123.812515425673,4285700.434006478
10.522630657664417,0.03806966996668265,4903.732984217697,5333546.751341301
10.542635658914728,0.041527328036953186,4604.688099179633,4670064.212100997
10.56264066016504,0.03602959458821058,4243.187144978645,3042578.3963994505
10.582645661415354,0.027431085595039324,3842.526179154823,1584982.2493603695
10.602650662665667,0.021164200722543526,3435.5620301537006,698372.272130068
10.622655663915978,0.017876211271183957,3055.2374345560343,265857.2910377745
10.642660665166291,0.016714566378388668,2716.168622761209,112925.62118026972
10.662665666416604,0.016357370056474703,2418.407037593001,135096.8740004742
10.682670667666917,0.015859319986707695,2166.1977793655165,282776.4794413384
10.702675668917228,0.015031983511184588,1963.0755958492084,506873.9208067543
10.722680670167541,0.01428151554271478,1814.1427583700797,705513.8408271057
10.742685671417854,0.014031003876099851,1728.3922429089193,768676.7641396802
10.762690672668167,0.014058440216810388,1718.9984863677641,704525.6553937459
10.782695673918479,0.013284804107432761,1804.275576362754,589082.0715442545
10.802700675168792,0.0109027697272378,2006.977173958356,471838.09700535
10.822705676419105,0.008792026846506895,2352.182098329584,365101.088504902
10.842710677669418,0.007653651525285376,2864.896747692519,275176.2763385956
10.862715678919729,0.00732792252236834,3564.3252187503626,207923.51522808685
10.882720680170042,0.007386319166854493,4446.055232365276,162696.6068402672
10.902725681420355,0.007412142561104361,5479.335896761979,134332.36483319604
10.922730682670668,0.00719866649992868,6596.757466034334,117804.20946795866
10.94273568392098,0.006807394943651114,7680.503479095476,111611.28653443584
10.962740685171292,0.006480707405388736,8567.528901045202,120971.81311824544
10.982745686421605,0.006454826112213473,9116.689815533475,164720.6519466806
11.002750687671918,0.006770666337439766,9221.472481780962,292393.90040323255
11.02275568892223,0.007231765898443916,8913.558262150244,618924.4603018175
11.042760690172543,0.007702341967468636,8351.814051189449,1373329.131881929
11.062765691422856,0.00836452221194801,7713.990303593835,2783918.1688005337
11.082770692673169,0.009270843493384227,7213.587115451472,4530849.535296083
11.10277569392348,0.010243146603960668,6902.245640675757,5344749.510996838
11.122780695173793,0.010966103538520119,6683.835746158353,4452247.5771187795
11.142785696424106,0.011154138525425327,6473.2782883102345,2788819.3116756273
11.162790697674419,0.01070146772255667,6210.97268103211,1412715.3532570656
11.18279569892473,0.009753647322384432,5841.365844146196,607548.511332908
11.202800700175043,0.008671515111940035,5368.772742413081,227802.05847117555
11.222805701425356,0.007890914834156208,4851.232171727567,106601.20307233187
11.24281070267567,0.007714120706864919,4337.586145144952,150539.7437327269
11.26281570392598,0.008101441116411532,3846.1428769087343,313797.40824859403
11.282820705176293,0.008564078223469222,3397.653446991025,542598.8228893151
11.302825706426606,0.008291946091047038,3003.323128081909,725407.834238837
11.32283070767692,0.0066923156473492375,2665.4970613527753,764348.3277470054
11.34283570892723,0.004727679902707683,2383.500693959057,688769.187591423
11.362840710177544,0.004019275532189399,2158.2122750488857,570780.2383858894
11.382845711427857,0.005046228927245924,1992.6365335522346,454619.5354570819
11.40285071267817,0.007106736712160278,1894.1627840529804,350036.1014508734
11.422855713928481,0.008910884712978052,1876.3335704232481,263362.43281669414
11.442860715178794,0.009342135053025707,1959.3415061059932,199670.96645557487
11.462865716429107,0.00806627603320452,2170.092733077424,157405.3911756494
11.48287071767942,0.00578322563882581,2541.3214825191308,131132.445665785
11.502875718929731,0.004033811152754974,3107.9717902349616,116148.38086922947
11.522880720180044,0.0045904787875231095,3903.6403173894305,111782.02266378136
11.542885721430357,0.008577765719122032,4951.214652408888,124674.74519351606
11.56289072268067,0.015585232485974227,6229.45900809689,176952.06101758467
11.582895723930983,0.023152348663151093,7676.898755147964,325175.38458384154
11.602900725181295,0.027121500707007765,9183.649603886872,699665.1567668536
11.622905726431608,0.023471814026681182,10573.62516007574,1543601.4968306199
11.64291072768192,0.015182057577575729,11587.171465119458,3051048.5758952927
11.662915728932234,0.00898246191193828,12042.112288582843,4750242.223875813
11.682920730182545,0.005778896049320354,11917.2476535458,5308416.535367761
11.702925731432858,0.004822763104794088,11322.21875705202,4216277.319668679
11.72293073268317,0.004762790925844073,10507.009059065716,2543770.2424862133
11.742935733933484,0.00456684962067397,9731.82420385448,1254463.4042239236
11.762940735183795,0.00399655028276342,9158.304258491045,526713.1281299201
11.782945736434108,0.003515154402668883,8762.957236054464,195649.0427554047
11.802950737684421,0.0037201104665847244,8397.250918775415,104030.39195671823
11.822955738934734,0.004602160128181706,7953.280923134294,168791.2598269005
11.842960740185045,0.0051434176381862096,7397.5337984066355,346478.3673072206
11.862965741435358,0.004031880016522148,6728.00577993052,577194.2219067925
11.882970742685671,0.0026264050712598934,5996.444547498531,741844.7188027063
11.902975743935984,0.00194594331175638,5286.8821106124815,757561.6022084218
11.922980745186296,0.0019312171384859814,4634.858993130026,671866.8107885175
11.942985746436609,0.0022414097165246406,4053.9993537378814,552603.7688940612
11.962990747686922,0.002512639535094325,3552.9166691630576,437767.7872518863
11.982995748937235,0.0025522075873729436,3129.8506163218285,335389.61101649737
12.003000750187546,0.0024052391420181264,2777.574547900922,252095.45292825194
12.023005751437859,0.002280981755277256,2490.8031775542177,191930.83518446138
12.043010752688172,0.0023766401195149797,2266.8364562834017,152487.0809266356
12.063015753938485,0.0026872439996873266,2107.4543269228516,128189.46924287878
12.083020755188796,0.00294067568924226,2020.8704486247138,114729.13673453037
12.10302575643911,0.002875748939029772,2023.225657137733,112330.68965641351
12.123030757689422,0.0027939406721252938,2138.8372966696916,129239.41007360362
12.143035758939735,0.0029420518393074658,2401.1429762362595,191304.67144063648
12.163040760190047,0.0033005579855773974,2852.477248864075,362968.5347345358
12.18304576144036,0.003659696641224453,3542.4820471826697,791419.454201844
12.203050762690673,0.003771951133245538,4523.5440130674,1730485.5433793569
12.223055763940986,0.0035049794480168667,5842.01145258199,3324793.705046692
12.243060765191297,0.0029300658122880896,7514.938319853707,4941617.854964282
12.26306576644161,0.002312510403567136,9497.893956425485,5227642.9335871525
12.283070767691923,0.002001718937226534,11647.317618805664,3966239.9116614554
12.303075768942236,0.0022501150884815767,13740.236929970202,2309287.169674831
12.323080770192547,0.00302137810792462,15413.660045630302,1109733.3322334972
12.34308577144286,0.003879904897919559,16341.065743955578,455115.78797684703
12.363090772693173,0.004084804487517114,16424.641792811744,168960.82953437913
12.383095773943486,0.0030359345275305675,15709.29706798961,105030.55496227522
12.403100775193797,0.001478539194277855,14620.070811957787,189713.00882308692
12.42310577644411,0.0011267400960796546,13593.367005343913,380534.66893741075
12.443110777694423,0.002614033869733307,12675.534760126124,610062.3196281854
12.463115778944736,0.005295597135080903,11915.348795075253,754709.1758409323
12.483120780195048,0.007803072076675424,11231.049564393645,748757.668441012
12.50312578144536,0.008827961545346078,10437.002019049689,654087.276055405
12.523130782695674,0.0077933150486972445,9482.984669941918,534546.6024327333
12.543135783945987,0.005189700567041714,8457.243479306859,421192.42949680914
12.563140785196298,0.0024678425564108606,7414.492854905849,321199.4581736111
12.583145786446611,0.0014967373381649276,6418.586715854366,241379.77912538953
12.603150787696924,0.003712499194501598,5526.723569324758,184683.98772771127
12.623155788947237,0.009199608845561119,4766.229818175847,147921.43156027418
12.643160790197548,0.016062601019326436,4129.64056695938,125490.76529973873
12.663165791447861,0.020562520082913868,3604.4777543489836,113555.70154136814
12.683170792698174,0.01860868543436537,3173.9524994479752,113300.22475866976
12.703175793948487,0.011103929203336768,2821.657884979487,134793.33070951447
12.723180795198799,0.005138470335714615,2537.0602838935524,208087.36831837587
12.743185796449112,0.00205060041120569,2314.980132479548,406503.7974483505
12.763190797699425,0.0012562378375076066,2155.94299247788,895249.9144766252
12.783195798949738,0.0014392935791589384,2067.5101755331207,1934671.7415288596
12.803200800200049,0.0015098167978515734,2065.8439346628384,3601696.16472289
12.823205801450362,0.0011533402787786181,2176.5943567777585,5101717.626267115
12.843210802700675,0.0008155072762966389,2436.854117678391,5108499.409361427
12.863215803950988,0.0011774766868419824,2897.0503325095365,3706684.5203204667
12.8832208052013,0.002388930238273854,3621.1211745943624,2086830.529113061
12.903225806451612,0.0035367566546767133,4692.998021841623,977995.5763331058
12.923230807701925,0.003041485660606176,6204.5145635152585,392029.1201592614
12.943235808952238,0.001638213414766487,8231.718264694284,147339.92731610071
12.963240810202551,0.0008037475056597495,10801.536013552552,109462.53493622779
12.983245811452862,0.0006002528317841262,13862.686107215686,213160.71422598447
13.003250812703175,0.0007671561833115608,17201.978524737446,415626.17903588864
13.023255813953488,0.0009704072827526995,20363.293508767194,640678.7751190522
13.043260815203801,0.0010072430264581411,22854.498560930035,763846.0635052447
13.063265816454113,0.0008934561191404006,24177.92969228969,738203.3249061718
13.083270817704426,0.000811061710432798,24065.342216605775,635776.1809862795
13.103275818954739,0.0009451403804730135,23013.663164117635,516603.8453835798
13.123280820205052,0.0012895231152878054,21381.103527222826,404905.55018739245
13.143285821455363,0.0015518832071353774,19608.80794256788,307504.47888943844
13.163290822705676,0.0013580083593921375,18111.23765269508,231216.9092431703
13.183295823955989,0.000988169825473713,16745.90431721876,177908.2179540959
13.203300825206302,0.0008380302241821674,15282.500110549361,143688.77806272494
13.223305826456613,0.0009930793872394675,13652.00980785289,123025.7945458761
13.243310827706926,0.0012992646221672325,11933.05560095896,112641.09692612579
13.26331582895724,0.00150769296050295,10208.363865321087,114742.08331908677
13.283320830207552,0.0014385302982326425,8599.148270842961,141483.48039377233
13.303325831457864,0.0010919276899668086,7214.435084469054,227652.3708393781
13.323330832708177,0.0006654462459722906,6067.856838880296,456589.8291314069
13.34333583395849,0.0004691002616446139,5138.526172864631,1012188.5127337425
13.363340835208803,0.000760795603805067,4396.783442782575,2156418.9665733734
13.383345836459114,0.0015566074226618571,3804.8755059655823,3877565.198094291
13.403350837709427,0.002502016377620498,3329.2114405551633,5225666.952328654
13.42335583895974,0.002921901908071803,2942.254044009584,4958158.2531497665
13.443360840210053,0.002192578401953237,2622.8581394785465,3442889.213794589
13.463365841460364,0.0007788980165065927,2357.821199453845,1877630.3664135202
13.483370842710677,0.0003973649473571636,2140.1428862575895,858669.2214507225
13.50337584396099,0.0018684043485333375,1967.4502698030194,336768.5164291949
13.523380845211303,0.004688859731986871,1842.3137093731525,130427.96799915803
13.543385846461614,0.007513835693098393,1773.0126139105218,117185.13289819866
13.563390847711927,0.00893377953639905,1774.351132924643,238980.3875795845
13.58339584896224,0.008187560380977897,1869.7736211022793,451386.5388313236
13.603400850212553,0.005568500888897002,2094.489654788206,668613.4370979463
13.623405851462865,0.0023965466298706776,2500.765161453408,768969.8764704419
13.643410852713178,0.0005460045912221999,3163.522954414916,726048.4174749048
13.66341585396349,0.0016345261400988415,4185.153143733855,617324.404131867
13.683420855213804,0.006095232755307103,5700.931432490387,498789.56072525383
13.703425856464115,0.012470071979762075,7877.379534746675,388929.6297410615
13.723430857714428,0.017378640512961625,10904.562508880914,294334.49676522636
13.743435858964741,0.01673282312058782,14970.23858889447,221604.7885001321
13.763440860215054,0.010052248568919803,20143.997617835106,171579.61968680387
13.783445861465365,0.004227868571522809,26236.163872987734,139770.24684855522
13.803450862715678,0.0011075873668126132,32709.840004051825,120789.72286617233
13.823455863965991,0.00029788344176531745,38532.23800370149,112002.55435096608
13.843460865216304,0.0005543090267597554,42401.72012863973,116720.86976521739
13.863465866466615,0.0007534891373182848,43661.83461185275,149478.71573974908
13.883470867716929,0.0005023838606482978,42080.90999675997,250401.71281826159
13.903475868967242,0.00019791982278112254,39240.31772843395,514110.5834773624
13.923480870217555,0.0005593836342904799,35921.172186859825,1143201.8292548696
13.943485871467866,0.0018652115068400821,32326.153869210917,2394026.866774091
13.963490872718179,0.003335019482119374,28823.804087036377,4147033.866543122
13.983495873968492,0.0033069203905856785,25116.164961483188,5308124.622754101
14.003500875218805,0.0017864680557808691,21263.57984489669,4777273.58528721
14.023505876469116,0.0007020168139747151,17561.97622677889,3180565.2479290664
14.043510877719429,0.00025847019840818713,14189.138860434934,1682739.2774414667
14.063515878969742,0.00026449684713778887,11322.64044916671,751121.2179932799
14.083520880220055,0.000398240635485011,9021.177160447665,288718.019908935
14.103525881470368,0.00042978383779033145,7231.934087026364,117905.53175605634
14.12353088272068,0.0003355824481194648,5875.146856599371,128059.40502352483
14.143535883970992,0.0002718279750365837,4855.349087557256,267003.2020726323
14.163540885221305,0.00042578516383171775,4085.883374001619,487589.92513576953
14.183545886471618,0.0008162537508170488,3497.7529524488414,693539.2168225413
14.20355088772193,0.0011664092318373264,3038.102885426353,769762.5866174405
14.223555888972243,0.0010270412342849285,2671.864217910039,712388.8155001615
14.243560890222556,0.0005423480348946182,2376.213993824175,598884.6487678338
14.263565891472869,0.0002367958998855605,2136.842264073327,481147.1150444748
14.28357089272318,0.00028756703191869714,1947.5715528247497,373290.22827017144
14.303575893973493,0.0005884903981123187,1808.1259370522093,281694.96110241266
14.323580895223806,0.0008852359697679486,1723.6839441671732,212537.4953979818
14.343585896474119,0.0009515085507903341,1706.221824032784,165676.58093764016
14.36359089772443,0.000724133545966824,1775.9111181688922,136147.97374576417
14.383595898974743,0.0003477702948634086,1964.05181665582,118781.39220009392
14.403600900225056,0.00011283700565079043,2317.7984455898873,111661.97201833606
14.42360590147537,0.00030308527355346854,2905.356212722585,119311.38635954687
14.44361090272568,0.0010021210264414963,3823.3498141358527,158972.52306247127
14.463615903975994,0.0019410309243135149,5201.3023668295455,276739.2925395497
14.483620905226307,0.0025021362776869466,7205.409938095539,580018.5674541618
14.50362590647662,0.002025404723941617,10030.700087488596,1289158.1333977925
14.52363090772693,0.0006927200085375385,13871.333301818584,2645278.5187121993
14.543635908977244,0.0001410019508614878,18881.95003572094,4403018.319765889
14.563640910227557,0.0013889866777582471,25023.19169643599,5344752.728608158
14.58364591147787,0.004123185398250026,31872.2132741963,4570875.218546577
14.603650912728181,0.007084182493474939,38498.08826174123,2923143.8053865093
14.623655913978494,0.00881907935702342,43654.257019244134,1502767.6966613596
14.643660915228807,0.008421705577541606,46048.45294614382,654672.1172011988
14.66366591647912,0.0059986198999016525,45537.4460112702,247323.48752893327
14.683670917729431,0.002715336575758516,42601.02425605545,109492.08858130797
14.703675918979744,0.00039362878046989876,39067.334499254925,141949.67417451163
14.723680920230057,0.0007471702003696485,35451.86366151433,297038.8391011375
14.74368592148037,0.004459170848707102,31597.8338290644,523655.9308947031
14.763690922730682,0.01042203944989036,27654.555744207417,715226.239527525
14.783695923980995,0.015575462515246113,23505.769227140932,766997.9465654658
14.803700925231308,0.01589563306389907,19424.81685262124,697324.568795245
14.82370592648162,0.009966016848121583,15694.883360407703,580520.7288763069
14.843710927731932,0.004214832998456001,12482.62441802766,463753.2594106929
14.863715928982245,0.0009851161653502247,9878.680098369048,358016.77188991616
14.883720930232558,7.234668867941515e-05,7851.218385706117,269592.1547461216
14.903725931482871,0.0003165407842717475,6312.857981638891,204005.15804222683
14.923730932733182,0.0005750174766953088,5163.4367540365065,160178.1750389653
14.943735933983495,0.0003796813882602763,4303.379104000926,132805.31828893567
14.963740935233808,6.578977629395489e-05,3653.3224752317014,117002.0261374689
14.983745936484121,0.0003652048808352056,3153.36741557352,111646.42513231629
15.003750937734432,0.001663143367573834,2760.742281989225,122601.03031337477
15.023755938984745,0.0033234343850442206,2449.258335898877,170186.1382750289
15.043760940235058,0.0036933008167879715,2203.039630391549,307120.682065842
15.063765941485372,0.002151522611322423,2014.7180049757137,655323.2670483919
15.083770942735683,0.0008495117329896929,1885.11607466012,1450804.4916482577
15.103775943985996,0.00020257905888003321,1821.7558032254956,2907631.0086521828
15.123780945236309,8.398618611074332e-05,1840.183570320913,4636658.905814966
15.143785946486622,0.00017764432750810912,1966.4540338624022,5333590.306072911
15.163790947736933,0.00022007261058871818,2239.824818427567,4344076.475498134
15.183795948987246,0.00014438198761221625,2717.374725876285,2673185.3760652523
15.203800950237559,8.142840805401471e-05,3480.0697013226236,1337105.3519834885
15.223805951487872,0.00022712184575299883,4636.264641673676,568605.0279890968
15.243810952738183,0.0006387237347115792,6331.559403993682,212081.3187956552
15.263815953988496,0.0010768164612607102,8732.817573490407,104945.69786365905
15.28382095523881,0.001063485744889799,12000.726357751606,158721.01211483317
15.303825956489122,0.0005372716643222466,16254.999509194648,328867.2417792819
15.323830957739434,0.0001204211725256561,21476.420581448503,558931.3926358141
15.343835958989747,8.19221907320409e-05,27280.57824796131,733519.9843906926
15.36384096024006,0.0003686703452561913,33002.965140953616,761453.7355298478
15.383845961490373,0.0007277730036056566,37686.70323648381,681004.8685786176
15.403850962740686,0.0008929557469317655,40188.72383698543,562277.3194902193
15.423855963990997,0.000743427059802555,40219.905952534944,446714.0441516326
15.44386096524131,0.00037595990223222847,38178.413314384365,343142.6252497876
15.463865966491623,6.550255599721197e-05,35065.12465008705,258032.96188784973
15.483870967741936,0.00012418801701153114,31793.83386344735,195994.0514021512
15.503875968992247,0.0007031703917146949,28739.23784252601,155063.63467852556
15.52388097024256,0.0016162770037308634,25570.859279061082,129727.06694340025
15.543885971492873,0.0022990247287585086,22183.358225433527,115455.74787896281
15.563890972743186,0.0020511067397355333,18718.429336641842,111988.74006171401
15.583895973993497,0.0008046818356811728,15392.042434426596,126691.62217609418
15.60390097524381,4.298544012320086e-05,12451.856997269491,183372.12291683495
15.623905976494123,0.0009773079439709502,9990.6947168431,342156.4460014965
15.643910977744437,0.0035060004222919276,8025.896910513829,741073.887911812
15.663915978994748,0.0064907086483726485,6506.995082120037,1628766.6316434974
15.68392098024506,0.008472521238216244,5352.148889169543,3178247.3072486166
15.703925981495374,0.008429676137296454,4479.091818610972,4843242.243000716
15.723930982745687,0.006295887629685071,3812.8443215978564,5275919.545736887
15.743935983995998,0.0030753431040773088,3293.817689806011,4101013.390273274
15.763940985246311,0.0005074029737003182,2881.4169227290886,2432868.515759029
15.783945986496624,0.00035101457915072876,2546.3360285778567,1185230.3958063484
15.803950987746937,0.0034758193586245925,2269.4591520064264,492176.953349047
15.823955988997248,0.009063892233958539,2039.6845187491854,182532.05407859574
15.843960990247561,0.014343005529026823,1850.9564411069168,104062.22685358654
15.863965991497874,0.015389259823037047,1701.8539108589607,178236.89126868558
15.883970992748187,0.010136581109875241,1595.1758794418035,362228.97499456897
15.903975993998499,0.004430369043072382,1538.1830165137999,592790.7599314544
15.923980995248812,0.0010718068502185065,1544.2007174282521,748304.2080254361
15.943985996499125,3.300816873475754e-05,1634.4725519133465,753681.9846931025
15.963990997749438,0.0002389754202275323,1841.5300802233292,663654.46304511
15.983995998999749,0.0005343465547158573,2214.4122850363146,544157.7498084417
16.004001000250064,0.00038020631132749364,2824.7912146074914,429993.4116613325
16.024006001500375,4.542687128507554e-05,3775.958210201098,328704.40735382715
16.044011002750686,0.00025966139601070454,5211.719413447094,247023.0208487651
16.064016004001,0.0014977626335175916,7318.9263490285275,188486.8346916099
16.084021005251312,0.00326804467147794,10329.317701209116,150312.4873948757
16.104026006501623,0.003979457582581205,14493.49327997841,126899.61983443446
16.124031007751938,0.0025271296626293844,20019.4566766533,114149.9135472591
16.14403600900225,0.001055239216749073,26961.165400109385,112728.14490328217
16.164041010252564,0.00024207378524963592,34991.96775597567,131701.21605470034
16.184046011502875,2.53886622045487e-05,43135.85806924779,198818.51226824964
16.204051012753187,9.572044327053325e-05,49966.85977946129,382535.16220633127
16.2240560140035,0.00015637695996596003,53755.95322025319,838335.9404453124
16.244061015253813,9.669613358075296e-05,53876.84522794584,1823593.5292980832
16.264066016504124,2.1599127375966533e-05,50903.222137682475,3453933.0521739447
16.28407101775444,0.00013627809300093116,46513.250122589394,5020538.053318441
16.30407601900475,0.0005406759278165387,42103.05729284476,5176331.309927637
16.324081020255065,0.0010442355405040947,37262.48281492943,3845921.3263190007
16.344086021505376,0.0011672193113710756,32250.08899363823,2203835.829549253
16.364091022755687,0.0006565017953089898,27067.940925556657,1046635.9429462673
16.384096024006002,0.00014950044855664612,22029.86577885788,424641.54816864256
16.404101025256313,2.0360380299616558e-05,17504.80199840399,158257.0862386992
16.424106026506625,0.00027646010234920476,13677.69614064142,106681.4743312393
16.44411102775694,0.0006763855123095937,10626.832273581069,200356.57185427833
16.46411602900725,0.0009225185682752445,8289.64977303044,396814.75129632745
16.484121030257565,0.0008416592015123701,6545.479955462251,624667.3483987442
16.504126031507877,0.00048382538930630487,5265.209360820912,759451.9201003383
16.524131032758188,0.00010583646537999482,4325.080779825849,744036.0719565747
16.544136034008503,4.2746526616646246e-05,3629.1957669972217,645579.6661786819
16.564141035258814,0.0005066574931341648,3107.8670028690453,526153.7868079182
16.584146036509125,0.0013889041607277092,2711.8291625743964,413550.1084537459
16.60415103775944,0.0021780656261257253,2412.999458888041,314740.65194984886
16.62415603900975,0.0021427179818859156,2197.617660159992,236565.49650919897
16.644161040260066,0.0010036424083773605,2062.392642750151,181462.8939663436
16.664166041510377,4.313093846449531e-05,2015.4883212144994,145904.73373301924
16.68417104276069,0.0006376927596915391,2076.323137794975,124311.15736581177
16.704176044011003,0.002900157559090253,2276.1132215820785,113095.47182049746
16.724181045261314,0.00583183818358994,2661.463645866446,113911.03182615584
16.74418604651163,0.007994210618997173,3297.2757253733416,137766.1324141735
16.76419104776194,0.00827584384372591,4268.705098219666,216853.69805557225
16.78419604901225,0.0064554084852225,5676.764274672957,429023.9570431685
16.804201050262566,0.0033793020092731563,7631.225937701062,948161.9324189223
16.824206051512878,0.0006901321489836558,10230.849853417349,2036116.2622620887
16.84421105276319,0.0001599985538841655,13491.582171663518,3730934.1846564864
16.864216054013504,0.0028002056950721054,17309.437676461494,5164424.911492832
16.884221055263815,0.008036729995104498,21421.139015060315,5041899.500396873
16.90422605651413,0.013358454162507707,25319.04342261186,3583687.7504336084
16.92423105776444,0.014962873997999063,28159.066404649042,1987427.1334185514
16.944236059014752,0.010332168664249285,29375.403263421696,920769.2042730291
16.964241060265067,0.004671822934454527,28923.078340131946,365290.4682440313
16.98424606151538,0.001195890825559972,27214.604079465113,138877.24007625115
17.00425106276569,3.7608547504349966e-05,25005.118139302005,112667.61354586929
17.024256064016004,0.00020370157121724704,22891.943487792294,224931.79167772215
17.044261065266316,0.000530822067464784,21041.952224012264,432255.13905295427
17.06426606651663,0.0004149309588396775,19145.066229799646,654078.8587486823
17.08427106776694,5.8509547037156626e-05,17066.326691262133,766770.3351701347
17.104276069017253,0.0001799687661945928,14843.194432206867,732720.4462610604
17.124281070267568,0.0013291029938724672,12591.651609540964,627155.5267753908
17.14428607151788,0.0031519141954029772,10510.592475467038,508267.64834616263
17.16429107276819,0.004147615957389666,8700.004345383652,397405.470873749
17.184296074018505,0.0028674806575281885,7194.05031875453,301289.0712161705
17.204301075268816,0.0012660044401176115,5986.765506676873,226660.28390301776
17.22430607651913,0.0003131720115100345,5036.963845330598,174898.80091109005
17.244311077769442,1.2803522962319021e-05,4294.122129343946,141821.05122962152
17.264316079019753,6.621288022206693e-05,3709.507712224836,121953.29445687532
17.284321080270068,0.0001471812081404834,3241.2853739561565,112307.3562475641
17.30432608152038,0.00010274456978908239,2859.0442994190985,115594.96410391617
17.32433108277069,1.0772377754669714e-05,2540.3370363437816,145043.24223274327
17.344336084021005,8.313454341707017e-05,2269.4908421934133,237852.27313478428
17.364341085271317,0.00046107846305291114,2036.7609536300768,482467.2186654869
17.38434608652163,0.0010072615526015836,1835.8971567838971,1071557.6646836894
17.404351087771943,0.0012567110644856453,1663.390318929489,2265521.833803924
17.424356089022254,0.0008054208576605336,1518.2138763028772,4004573.962525432
17.44436109027257,0.0002250405758488018,1401.442301886114,5269638.825043034
17.46436609152288,3.1482422878974915e-06,1316.544491924142,4877273.952658316
17.48437109277319,0.0002136671675464683,1270.2661734447915,3319889.0231592245
17.504376094023506,0.0006364888526305903,1273.8887560906646,1784788.6238641236
17.524381095273817,0.0009516257465321726,1345.332273172248,807024.5032160858
17.544386096524132,0.0009387984363717369,1512.1115266395677,313469.16321939783
17.564391097774443,0.0006017393771891782,1816.101216925393,124052.3388990822
17.584396099024755,0.00017490453899897924,2319.7802000507804,121878.90584689594
17.60440110027507,8.694308882556304e-06,3115.634022920696,251802.36042611505
17.62440610152538,0.0003676951519717659,4335.926600877087,468266.9850932141
17.644411102775692,0.0012148634307531136,6163.880504212802,680643.0047267439
17.664416104026007,0.0020929820319314342,8847.91706599334,769841.4294039854
17.684421105276318,0.0022531287737492206,12706.692622081331,719851.9793147501
17.704426106526633,0.0012418266559245951,18068.93868888303,608710.0819963804
17.724431107776944,0.00011530499662666271,25254.400804441342,490526.2074967238
17.744436109027255,0.00037879386539804705,34306.95074851746,381583.28140792437
17.76444111027757,0.0023515892884652615,44666.31250629461,288366.1474838989
17.78444611152788,0.0051822125187581634,55017.48270387639,217303.54648590076
17.804451112778192,0.007470216799384883,63171.16267229546,168771.52709212797
17.824456114028507,0.008035762822689913,67128.45310473093,138043.01054173085
17.84446111527882,0.006520493113327438,66364.04442949731,119823.58508771709
17.864466116529133,0.003621729333437476,61934.174511063524,111804.91752573162
17.884471117779444,0.000880505194037528,56468.735412587004,117849.36939652219
17.904476119029756,6.243173397977993e-05,49989.400004241106,153712.53996723058
17.92448112028007,0.002288872830427549,43245.39511182587,262232.2999878528
17.94448612153038,0.007194389683898939,36250.072284353766,543782.0221536262
17.964491122780696,0.012504896932773351,29342.85265597728,1209447.533753475
17.984496124031008,0.0145494616103939,23061.730503037594,2509797.904875185
18.00450112528132,0.010497233146683892,17695.327315899227,4268752.889008166
18.024506126531634,0.004891939694822782,13409.545995027536,5331119.760952251
18.044511127781945,0.001317063580739042,10141.380095469089,4683721.972974246
18.064516129032256,5.244970733898293e-05,7728.260396269778,3059603.799842137
18.08452113028257,0.0001827034355435225,5988.964125567565,1596875.8400179294
18.104526131532882,0.0005404700756914944,4743.970337921901,704746.1740210601
18.124531132783197,0.00046274367840399536,3852.8084320237253,268592.34161960945
18.14453613403351,8.780193869768867e-05,3212.005519857091,113481.13756994208
18.16454113528382,0.00011699905713846874,2747.717232136764,134178.27393653325
18.184546136534134,0.0011622816897695304,2417.757421282674,280790.34182579676
18.204551137784446,0.0029969268988851764,2201.658653664829,504487.93836413766
18.224556139034757,0.004223638187029914,2093.229208538077,704079.7852418039
18.24456114028507,0.003168344234929921,2101.2956524316396,768861.6574125196
18.264566141535383,0.0014683109795361094,2249.262150420349,705521.8936665922
18.284571142785698,0.00039398929046957013,2572.1299230983363,590296.14849338
18.30457614403601,1.693632382408246e-05,3117.4918854601638,472988.2372183335
18.32458114528632,5.435323480042944e-05,3943.925763507498,366110.8477947382
18.344586146536635,0.00015546073862345933,5114.595085062186,275976.3642713768
18.364591147786946,0.00012739600461117185,6681.059053837658,208487.5164963071
18.384596149037257,1.984986459207841e-05,8657.54460725849,163060.02765889122
18.404601150287572,4.7429536716648836e-05,10995.08192221294,134553.29275792174
18.424606151537883,0.000388499146308186,13541.677902053852,117921.8475173861
18.444611152788198,0.0009590181227262418,15939.112921604035,111612.40411686775
18.46461615403851,0.0013196658512618915,17814.556812382463,120754.62651035158
18.48462115528882,0.0009587659023716742,18857.48572799565,163980.05574247122
18.504626156539135,0.0003210322349314508,18830.844263402658,290387.1823816341
18.524631157789447,6.481306777930932e-06,18007.408707966595,613949.2502151068
18.544636159039758,0.0001593335724345682,16788.392261397337,1362645.037336206
18.564641160290073,0.0005892159787396833,15490.989669784187,2766567.3240293544
18.584646161540384,0.0009623199125409111,14401.30317443768,4515398.510310748
18.6046511627907,0.001016847310245397,13492.898302756657,5345490.903249039
18.62465616404101,0.0007111857900869554,12567.58876510759,4467251.341031387
18.64466116529132,0.00025356812779098637,11498.132220560681,2805348.9323891513
18.664666166541636,2.2860023669302566e-06,10307.415704828112,1423665.3116217968
18.684671167791947,0.0002658424072568644,9048.080503137786,613236.0228311748
18.70467616904226,0.0010727412371541389,7800.523769632252,230130.51925515692
18.724681170292573,0.002020926229241529,6660.467422067255,106901.18751888063
18.744686171542885,0.0023571946505766173,5688.447575556491,149430.68343388458
18.7646911727932,0.0014894499223812706,4874.307871841486,311692.6505033637
18.78469617404351,0.00023780674528059664,4206.023973880899,540265.1765987024
18.804701175293822,0.0001971512038744489,3662.513536008798,724198.2039366195
18.824706176544137,0.0018793238688320478,3219.870301663568,764716.3387641766
18.844711177794448,0.004580812977468552,2859.154819476268,689848.632992988
18.86471617904476,0.006951146980099843,2566.300026562982,571986.2378717501
18.884721180295074,0.007759714415219395,2332.836186865135,455746.08418074157
18.904726181545385,0.006528338652781937,2157.341163443519,351019.4732387441
18.9247311827957,0.003816205162724403,2045.3526067735243,264126.58111839
18.94473618404601,0.0010630043403142809,2009.4697776108046,200200.5013264444
18.964741185296322,1.541452009121902e-05,2070.9659592497737,157743.43698229312
18.984746186546637,0.001881309630130799,2262.2545955612086,131335.89932099188
19.00475118779695,0.006475336816279457,2630.4998671856615,116250.61925991437
19.02475618904726,0.011738774401078955,3240.0097838661777,111759.50092432916
19.044761190297574,0.014135851047418371,4173.732781712677,124404.65547818149
19.064766191547886,0.01062379529689395,5532.672568810624,176081.17617581636
19.0847711927982,0.005084051856411368,7427.229033583287,322861.1969041302
19.10477619404851,0.0014282048245068523,9967.512330628126,693999.4538359926
19.124781195298823,6.984895717133347e-05,13204.70752547629,1531838.5891092978
19.144786196549138,0.00016803336102251277,17055.101507177416,3033150.5050677243
19.16479119779945,0.0005552366259632482,21212.37012871094,4736579.917370768
19.18479619904976,0.000515809862295771,25184.411223128183,5312241.773469436
19.204801200300075,0.00012708091727491212,28148.341837353775,4232356.704091834
19.224806201550386,6.942179166961804e-05,29525.86330688226,2559661.071926954
19.2448112028007,0.001005689180661391,29208.346727836142,1264501.8741122202
19.264816204051012,0.0028245562256218304,27452.720312786467,531763.4094693706
19.284821205301323,0.004236363762849029,25436.82921796896,197601.28007363464
19.30482620655164,0.0034356519932058566,23401.894306669477,104088.3353957212
19.32483120780195,0.0016609901307788348,21401.94013337974,167500.7574082347
19.344836209052264,0.00047819037336149003,19496.034029117574,344272.11035070685
19.364841210302576,2.7665225729469425e-05,17419.24944616513,574954.3511388497
19.384846211552887,4.742319619554804e-05,15164.994978386108,740867.0614367649
19.4048512128032,0.00016730240401095027,12929.93419353398,758076.3150747758
19.424856214053513,0.00015736538714693072,10821.018083027537,673014.6215200343
19.444861215303824,3.8316114765417415e-05,8960.378745139591,553801.5524637031
19.46486621655414,2.3409802174741873e-05,7408.280557948347,438873.1770517719
19.48487121780445,0.0003229361779767183,6156.870256608013,336344.17062694323
19.504876219054765,0.0009039671453478338,5170.675041705668,252823.2854213607
19.524881220305076,0.0013596701278303673,4398.971102247005,192427.05087197234
19.544886221555387,0.0011094344103950043,3792.3712662721405,152801.10553764956
19.564891222805702,0.0004299082435218598,3308.5177780168583,128376.34810970526
19.584896224056013,2.5257912111460995e-05,2914.400615613382,114815.49017381638
19.604901225306325,0.00011157160022134187,2586.787762307431,112281.93744196216
19.62490622655664,0.0005348909710100369,2309.149970023259,128908.61881806375
19.64491122780695,0.0009552161060149952,2070.6883833416264,190284.47064681718
19.664916229057265,0.001074734034851836,1864.7920773256858,360301.36194235313
19.684921230307577,0.0008080403187883717,1687.5051936565108,784992.7422940207
19.704926231557888,0.0003342638474335713,1537.2623835389973,1717608.030193274
19.724931232808203,1.3145555469697357e-05,1414.7096802729568,3306559.0307037015
19.744936234058514,0.00018926202292604582,1322.7470628584215,4929885.959205357
19.764941235308825,0.0009507248398983978,1267.20192493784,5234246.2171520395
19.78494623655914,0.0019508262669332681,1258.0809169837798,3983116.4362481516
19.80495123780945,0.0024432412410427726,1311.384099646969,2324431.2547449106
19.824956239059766,0.001783666441170395,1451.9733910123891,1118893.7479111329
19.844961240310077,0.0010046169017814547,1717.503685422521,459578.329591339
19.86496624156039,0.0005212887942616307,2164.4153884630286,170564.51171732746
19.884971242810703,0.00025965896656580435,2877.255356695903,104857.00680380123
19.904976244061015,0.00013688939914628084,3978.7006200836067,188250.3591378577
19.924981245311326,8.897631600663814e-05,5639.736628229641,378247.3299186296
19.94498624656164,7.816002476334217e-05,8091.000327620459,607953.757041071
19.964991247811952,8.353612816622357e-05,11638.005867985743,753971.7327943507
19.984996249062267,8.522374413033663e-05,16631.408005590703,751255.1311252189
